
=== BUILD NATIVE TARGET SporadicM24 OF PROJECT Mathieu WITH CONFIGURATION Ad Hoc Distribution ===
Check dependencies
CpResource "build/Ad Hoc Distribution-iphoneos/SporadicM24.app/ResourceRules.plist" /Developer/Platforms/iPhoneOS.platform/Developer/SDKs/iPhoneOS3.1.2.sdk/ResourceRules.plist
    cd /Sandboxes/Mathieu/Apple/iPhone
    setenv PATH "/Developer/Platforms/iPhoneOS.platform/Developer/usr/bin:/Developer/usr/bin:/Users/scott/bin:/opt/local/bin:/usr/bin:/bin:/usr/sbin:/sbin:/usr/local/bin:/usr/X11/bin"
    /Developer/Library/PrivateFrameworks/DevToolsCore.framework/Resources/pbxcp -exclude .DS_Store -exclude CVS -exclude .svn -strip-debug-symbols -resolve-src-symlinks /Developer/Platforms/iPhoneOS.platform/Developer/SDKs/iPhoneOS3.1.2.sdk/ResourceRules.plist "/Sandboxes/Mathieu/Apple/iPhone/build/Ad Hoc Distribution-iphoneos/SporadicM24.app"

ProcessInfoPlistFile "build/Ad Hoc Distribution-iphoneos/SporadicM24.app/Info.plist" M24/Info.plist
    cd /Sandboxes/Mathieu/Apple/iPhone
    setenv PATH "/Developer/Platforms/iPhoneOS.platform/Developer/usr/bin:/Developer/usr/bin:/Users/scott/bin:/opt/local/bin:/usr/bin:/bin:/usr/sbin:/sbin:/usr/local/bin:/usr/X11/bin"
    builtin-infoPlistUtility M24/Info.plist -genpkginfo "/Sandboxes/Mathieu/Apple/iPhone/build/Ad Hoc Distribution-iphoneos/SporadicM24.app/PkgInfo" -expandbuildsettings -format binary -platform iphoneos -resourcerulesfile "/Sandboxes/Mathieu/Apple/iPhone/build/Ad Hoc Distribution-iphoneos/SporadicM24.app/ResourceRules.plist" -o "/Sandboxes/Mathieu/Apple/iPhone/build/Ad Hoc Distribution-iphoneos/SporadicM24.app/Info.plist"

CompileXIB ../DeviceIndependent/Resources/HelpView.xib
    cd /Sandboxes/Mathieu/Apple/iPhone
    setenv IBC_MINIMUM_COMPATIBILITY_VERSION 3.1.2
    setenv PATH "/Developer/Platforms/iPhoneOS.platform/Developer/usr/bin:/Developer/usr/bin:/Users/scott/bin:/opt/local/bin:/usr/bin:/bin:/usr/sbin:/sbin:/usr/local/bin:/usr/X11/bin"
    /Developer/usr/bin/ibtool --errors --warnings --notices --output-format human-readable-text --compile "/Sandboxes/Mathieu/Apple/iPhone/build/Ad Hoc Distribution-iphoneos/SporadicM24.app/HelpView.nib" /Sandboxes/Mathieu/Apple/iPhone/../DeviceIndependent/Resources/HelpView.xib

CompileXIB ../iPhone/M24/Resources/HelpView.xib
    cd /Sandboxes/Mathieu/Apple/iPhone
    setenv IBC_MINIMUM_COMPATIBILITY_VERSION 3.1.2
    setenv PATH "/Developer/Platforms/iPhoneOS.platform/Developer/usr/bin:/Developer/usr/bin:/Users/scott/bin:/opt/local/bin:/usr/bin:/bin:/usr/sbin:/sbin:/usr/local/bin:/usr/X11/bin"
    /Developer/usr/bin/ibtool --errors --warnings --notices --output-format human-readable-text --compile "/Sandboxes/Mathieu/Apple/iPhone/build/Ad Hoc Distribution-iphoneos/SporadicM24.app/HelpView.nib" /Sandboxes/Mathieu/Apple/iPhone/../iPhone/M24/Resources/HelpView.xib

CopyPNGFile "build/Ad Hoc Distribution-iphoneos/SporadicM24.app/ComboButtonDisabled.png" ../DeviceIndependent/Resources/Images/ComboButtonDisabled.png
    cd /Sandboxes/Mathieu/Apple/iPhone
    setenv COPY_COMMAND /Developer/Library/PrivateFrameworks/DevToolsCore.framework/Resources/pbxcp
    setenv PATH "/Developer/Platforms/iPhoneOS.platform/Developer/usr/bin:/Developer/usr/bin:/Users/scott/bin:/opt/local/bin:/usr/bin:/bin:/usr/sbin:/sbin:/usr/local/bin:/usr/X11/bin"
    "/Developer/Platforms/iPhoneOS.platform/Developer/Library/Xcode/Plug-ins/iPhoneOS Build System Support.xcplugin/Contents/Resources/copypng" "" /Sandboxes/Mathieu/Apple/iPhone/../DeviceIndependent/Resources/Images/ComboButtonDisabled.png "/Sandboxes/Mathieu/Apple/iPhone/build/Ad Hoc Distribution-iphoneos/SporadicM24.app/ComboButtonDisabled.png"

CopyPNGFile "build/Ad Hoc Distribution-iphoneos/SporadicM24.app/Sporadic_Games_Logo.png" ../DeviceIndependent/Resources/Images/Sporadic_Games_Logo.png
    cd /Sandboxes/Mathieu/Apple/iPhone
    setenv COPY_COMMAND /Developer/Library/PrivateFrameworks/DevToolsCore.framework/Resources/pbxcp
    setenv PATH "/Developer/Platforms/iPhoneOS.platform/Developer/usr/bin:/Developer/usr/bin:/Users/scott/bin:/opt/local/bin:/usr/bin:/bin:/usr/sbin:/sbin:/usr/local/bin:/usr/X11/bin"
    "/Developer/Platforms/iPhoneOS.platform/Developer/Library/Xcode/Plug-ins/iPhoneOS Build System Support.xcplugin/Contents/Resources/copypng" "" /Sandboxes/Mathieu/Apple/iPhone/../DeviceIndependent/Resources/Images/Sporadic_Games_Logo.png "/Sandboxes/Mathieu/Apple/iPhone/build/Ad Hoc Distribution-iphoneos/SporadicM24.app/Sporadic_Games_Logo.png"

CpResource "build/Ad Hoc Distribution-iphoneos/SporadicM24.app/applause.caf" ../DeviceIndependent/Resources/Sounds/applause.caf
    cd /Sandboxes/Mathieu/Apple/iPhone
    setenv PATH "/Developer/Platforms/iPhoneOS.platform/Developer/usr/bin:/Developer/usr/bin:/Users/scott/bin:/opt/local/bin:/usr/bin:/bin:/usr/sbin:/sbin:/usr/local/bin:/usr/X11/bin"
    /Developer/Library/PrivateFrameworks/DevToolsCore.framework/Resources/pbxcp -exclude .DS_Store -exclude CVS -exclude .svn -strip-debug-symbols -resolve-src-symlinks /Sandboxes/Mathieu/Apple/iPhone/../DeviceIndependent/Resources/Sounds/applause.caf "/Sandboxes/Mathieu/Apple/iPhone/build/Ad Hoc Distribution-iphoneos/SporadicM24.app"

CpResource "build/Ad Hoc Distribution-iphoneos/SporadicM24.app/combo.caf" ../DeviceIndependent/Resources/Sounds/combo.caf
    cd /Sandboxes/Mathieu/Apple/iPhone
    setenv PATH "/Developer/Platforms/iPhoneOS.platform/Developer/usr/bin:/Developer/usr/bin:/Users/scott/bin:/opt/local/bin:/usr/bin:/bin:/usr/sbin:/sbin:/usr/local/bin:/usr/X11/bin"
    /Developer/Library/PrivateFrameworks/DevToolsCore.framework/Resources/pbxcp -exclude .DS_Store -exclude CVS -exclude .svn -strip-debug-symbols -resolve-src-symlinks /Sandboxes/Mathieu/Apple/iPhone/../DeviceIndependent/Resources/Sounds/combo.caf "/Sandboxes/Mathieu/Apple/iPhone/build/Ad Hoc Distribution-iphoneos/SporadicM24.app"

CpResource "build/Ad Hoc Distribution-iphoneos/SporadicM24.app/combo_not_set.caf" ../DeviceIndependent/Resources/Sounds/combo_not_set.caf
    cd /Sandboxes/Mathieu/Apple/iPhone
    setenv PATH "/Developer/Platforms/iPhoneOS.platform/Developer/usr/bin:/Developer/usr/bin:/Users/scott/bin:/opt/local/bin:/usr/bin:/bin:/usr/sbin:/sbin:/usr/local/bin:/usr/X11/bin"
    /Developer/Library/PrivateFrameworks/DevToolsCore.framework/Resources/pbxcp -exclude .DS_Store -exclude CVS -exclude .svn -strip-debug-symbols -resolve-src-symlinks /Sandboxes/Mathieu/Apple/iPhone/../DeviceIndependent/Resources/Sounds/combo_not_set.caf "/Sandboxes/Mathieu/Apple/iPhone/build/Ad Hoc Distribution-iphoneos/SporadicM24.app"

CpResource "build/Ad Hoc Distribution-iphoneos/SporadicM24.app/shake.caf" ../DeviceIndependent/Resources/Sounds/shake.caf
    cd /Sandboxes/Mathieu/Apple/iPhone
    setenv PATH "/Developer/Platforms/iPhoneOS.platform/Developer/usr/bin:/Developer/usr/bin:/Users/scott/bin:/opt/local/bin:/usr/bin:/bin:/usr/sbin:/sbin:/usr/local/bin:/usr/X11/bin"
    /Developer/Library/PrivateFrameworks/DevToolsCore.framework/Resources/pbxcp -exclude .DS_Store -exclude CVS -exclude .svn -strip-debug-symbols -resolve-src-symlinks /Sandboxes/Mathieu/Apple/iPhone/../DeviceIndependent/Resources/Sounds/shake.caf "/Sandboxes/Mathieu/Apple/iPhone/build/Ad Hoc Distribution-iphoneos/SporadicM24.app"

CpResource "build/Ad Hoc Distribution-iphoneos/SporadicM24.app/combo_set.caf" ../DeviceIndependent/Resources/Sounds/combo_set.caf
    cd /Sandboxes/Mathieu/Apple/iPhone
    setenv PATH "/Developer/Platforms/iPhoneOS.platform/Developer/usr/bin:/Developer/usr/bin:/Users/scott/bin:/opt/local/bin:/usr/bin:/bin:/usr/sbin:/sbin:/usr/local/bin:/usr/X11/bin"
    /Developer/Library/PrivateFrameworks/DevToolsCore.framework/Resources/pbxcp -exclude .DS_Store -exclude CVS -exclude .svn -strip-debug-symbols -resolve-src-symlinks /Sandboxes/Mathieu/Apple/iPhone/../DeviceIndependent/Resources/Sounds/combo_set.caf "/Sandboxes/Mathieu/Apple/iPhone/build/Ad Hoc Distribution-iphoneos/SporadicM24.app"

CpResource "build/Ad Hoc Distribution-iphoneos/SporadicM24.app/home.caf" ../DeviceIndependent/Resources/Sounds/home.caf
    cd /Sandboxes/Mathieu/Apple/iPhone
    setenv PATH "/Developer/Platforms/iPhoneOS.platform/Developer/usr/bin:/Developer/usr/bin:/Users/scott/bin:/opt/local/bin:/usr/bin:/bin:/usr/sbin:/sbin:/usr/local/bin:/usr/X11/bin"
    /Developer/Library/PrivateFrameworks/DevToolsCore.framework/Resources/pbxcp -exclude .DS_Store -exclude CVS -exclude .svn -strip-debug-symbols -resolve-src-symlinks /Sandboxes/Mathieu/Apple/iPhone/../DeviceIndependent/Resources/Sounds/home.caf "/Sandboxes/Mathieu/Apple/iPhone/build/Ad Hoc Distribution-iphoneos/SporadicM24.app"

CpResource "build/Ad Hoc Distribution-iphoneos/SporadicM24.app/left.caf" ../DeviceIndependent/Resources/Sounds/left.caf
    cd /Sandboxes/Mathieu/Apple/iPhone
    setenv PATH "/Developer/Platforms/iPhoneOS.platform/Developer/usr/bin:/Developer/usr/bin:/Users/scott/bin:/opt/local/bin:/usr/bin:/bin:/usr/sbin:/sbin:/usr/local/bin:/usr/X11/bin"
    /Developer/Library/PrivateFrameworks/DevToolsCore.framework/Resources/pbxcp -exclude .DS_Store -exclude CVS -exclude .svn -strip-debug-symbols -resolve-src-symlinks /Sandboxes/Mathieu/Apple/iPhone/../DeviceIndependent/Resources/Sounds/left.caf "/Sandboxes/Mathieu/Apple/iPhone/build/Ad Hoc Distribution-iphoneos/SporadicM24.app"

CpResource "build/Ad Hoc Distribution-iphoneos/SporadicM24.app/restart.caf" ../DeviceIndependent/Resources/Sounds/restart.caf
    cd /Sandboxes/Mathieu/Apple/iPhone
    setenv PATH "/Developer/Platforms/iPhoneOS.platform/Developer/usr/bin:/Developer/usr/bin:/Users/scott/bin:/opt/local/bin:/usr/bin:/bin:/usr/sbin:/sbin:/usr/local/bin:/usr/X11/bin"
    /Developer/Library/PrivateFrameworks/DevToolsCore.framework/Resources/pbxcp -exclude .DS_Store -exclude CVS -exclude .svn -strip-debug-symbols -resolve-src-symlinks /Sandboxes/Mathieu/Apple/iPhone/../DeviceIndependent/Resources/Sounds/restart.caf "/Sandboxes/Mathieu/Apple/iPhone/build/Ad Hoc Distribution-iphoneos/SporadicM24.app"

CpResource "build/Ad Hoc Distribution-iphoneos/SporadicM24.app/right.caf" ../DeviceIndependent/Resources/Sounds/right.caf
    cd /Sandboxes/Mathieu/Apple/iPhone
    setenv PATH "/Developer/Platforms/iPhoneOS.platform/Developer/usr/bin:/Developer/usr/bin:/Users/scott/bin:/opt/local/bin:/usr/bin:/bin:/usr/sbin:/sbin:/usr/local/bin:/usr/X11/bin"
    /Developer/Library/PrivateFrameworks/DevToolsCore.framework/Resources/pbxcp -exclude .DS_Store -exclude CVS -exclude .svn -strip-debug-symbols -resolve-src-symlinks /Sandboxes/Mathieu/Apple/iPhone/../DeviceIndependent/Resources/Sounds/right.caf "/Sandboxes/Mathieu/Apple/iPhone/build/Ad Hoc Distribution-iphoneos/SporadicM24.app"

CpResource "build/Ad Hoc Distribution-iphoneos/SporadicM24.app/swap.caf" ../DeviceIndependent/Resources/Sounds/swap.caf
    cd /Sandboxes/Mathieu/Apple/iPhone
    setenv PATH "/Developer/Platforms/iPhoneOS.platform/Developer/usr/bin:/Developer/usr/bin:/Users/scott/bin:/opt/local/bin:/usr/bin:/bin:/usr/sbin:/sbin:/usr/local/bin:/usr/X11/bin"
    /Developer/Library/PrivateFrameworks/DevToolsCore.framework/Resources/pbxcp -exclude .DS_Store -exclude CVS -exclude .svn -strip-debug-symbols -resolve-src-symlinks /Sandboxes/Mathieu/Apple/iPhone/../DeviceIndependent/Resources/Sounds/swap.caf "/Sandboxes/Mathieu/Apple/iPhone/build/Ad Hoc Distribution-iphoneos/SporadicM24.app"

CpResource "build/Ad Hoc Distribution-iphoneos/SporadicM24.app/success.caf" ../DeviceIndependent/Resources/Sounds/success.caf
    cd /Sandboxes/Mathieu/Apple/iPhone
    setenv PATH "/Developer/Platforms/iPhoneOS.platform/Developer/usr/bin:/Developer/usr/bin:/Users/scott/bin:/opt/local/bin:/usr/bin:/bin:/usr/sbin:/sbin:/usr/local/bin:/usr/X11/bin"
    /Developer/Library/PrivateFrameworks/DevToolsCore.framework/Resources/pbxcp -exclude .DS_Store -exclude CVS -exclude .svn -strip-debug-symbols -resolve-src-symlinks /Sandboxes/Mathieu/Apple/iPhone/../DeviceIndependent/Resources/Sounds/success.caf "/Sandboxes/Mathieu/Apple/iPhone/build/Ad Hoc Distribution-iphoneos/SporadicM24.app"

CompileXIB ../iPhone/Resources/../../DeviceIndependent/Resources/SwapPermutationsView.xib
    cd /Sandboxes/Mathieu/Apple/iPhone
    setenv IBC_MINIMUM_COMPATIBILITY_VERSION 3.1.2
    setenv PATH "/Developer/Platforms/iPhoneOS.platform/Developer/usr/bin:/Developer/usr/bin:/Users/scott/bin:/opt/local/bin:/usr/bin:/bin:/usr/sbin:/sbin:/usr/local/bin:/usr/X11/bin"
    /Developer/usr/bin/ibtool --errors --warnings --notices --output-format human-readable-text --compile "/Sandboxes/Mathieu/Apple/iPhone/build/Ad Hoc Distribution-iphoneos/SporadicM24.app/SwapPermutationsView.nib" /Sandboxes/Mathieu/Apple/iPhone/../iPhone/Resources/../../DeviceIndependent/Resources/SwapPermutationsView.xib

CopyPNGFile "build/Ad Hoc Distribution-iphoneos/SporadicM24.app/SporadicM24Icon_Prerendered.png" ../iPhone/M24/Resources/Images/SporadicM24Icon_Prerendered.png
    cd /Sandboxes/Mathieu/Apple/iPhone
    setenv COPY_COMMAND /Developer/Library/PrivateFrameworks/DevToolsCore.framework/Resources/pbxcp
    setenv PATH "/Developer/Platforms/iPhoneOS.platform/Developer/usr/bin:/Developer/usr/bin:/Users/scott/bin:/opt/local/bin:/usr/bin:/bin:/usr/sbin:/sbin:/usr/local/bin:/usr/X11/bin"
    "/Developer/Platforms/iPhoneOS.platform/Developer/Library/Xcode/Plug-ins/iPhoneOS Build System Support.xcplugin/Contents/Resources/copypng" "" /Sandboxes/Mathieu/Apple/iPhone/../iPhone/M24/Resources/Images/SporadicM24Icon_Prerendered.png "/Sandboxes/Mathieu/Apple/iPhone/build/Ad Hoc Distribution-iphoneos/SporadicM24.app/SporadicM24Icon_Prerendered.png"

CompileXIB ../iPhone/M24/Resources/PreferencesView.xib
    cd /Sandboxes/Mathieu/Apple/iPhone
    setenv IBC_MINIMUM_COMPATIBILITY_VERSION 3.1.2
    setenv PATH "/Developer/Platforms/iPhoneOS.platform/Developer/usr/bin:/Developer/usr/bin:/Users/scott/bin:/opt/local/bin:/usr/bin:/bin:/usr/sbin:/sbin:/usr/local/bin:/usr/X11/bin"
    /Developer/usr/bin/ibtool --errors --warnings --notices --output-format human-readable-text --compile "/Sandboxes/Mathieu/Apple/iPhone/build/Ad Hoc Distribution-iphoneos/SporadicM24.app/PreferencesView.nib" /Sandboxes/Mathieu/Apple/iPhone/../iPhone/M24/Resources/PreferencesView.xib

CompileXIB ../iPhone/Resources/MainWindow.xib
    cd /Sandboxes/Mathieu/Apple/iPhone
    setenv IBC_MINIMUM_COMPATIBILITY_VERSION 3.1.2
    setenv PATH "/Developer/Platforms/iPhoneOS.platform/Developer/usr/bin:/Developer/usr/bin:/Users/scott/bin:/opt/local/bin:/usr/bin:/bin:/usr/sbin:/sbin:/usr/local/bin:/usr/X11/bin"
    /Developer/usr/bin/ibtool --errors --warnings --notices --output-format human-readable-text --compile "/Sandboxes/Mathieu/Apple/iPhone/build/Ad Hoc Distribution-iphoneos/SporadicM24.app/MainWindow.nib" /Sandboxes/Mathieu/Apple/iPhone/../iPhone/Resources/MainWindow.xib

CompileXIB ../iPhone/Resources/SporadicMView.xib
    cd /Sandboxes/Mathieu/Apple/iPhone
    setenv IBC_MINIMUM_COMPATIBILITY_VERSION 3.1.2
    setenv PATH "/Developer/Platforms/iPhoneOS.platform/Developer/usr/bin:/Developer/usr/bin:/Users/scott/bin:/opt/local/bin:/usr/bin:/bin:/usr/sbin:/sbin:/usr/local/bin:/usr/X11/bin"
    /Developer/usr/bin/ibtool --errors --warnings --notices --output-format human-readable-text --compile "/Sandboxes/Mathieu/Apple/iPhone/build/Ad Hoc Distribution-iphoneos/SporadicM24.app/SporadicMView.nib" /Sandboxes/Mathieu/Apple/iPhone/../iPhone/Resources/SporadicMView.xib

/* com.apple.ibtool.document.warnings */
/Sandboxes/Mathieu/Apple/iPhone/Resources/SporadicMView.xib:1: warning: The 'moves' outlet of 'SporadicM View' is connected to 'Label (00)' but 'UILabel' is not a kind of 'Label' as specified by the outlet type.
CopyPNGFile "build/Ad Hoc Distribution-iphoneos/SporadicM24.app/DualActionButtonAlternate.png" ../../../Toolbox/Apple/Buttons/Resources/Images/DualActionButtonAlternate.png
    cd /Sandboxes/Mathieu/Apple/iPhone
    setenv COPY_COMMAND /Developer/Library/PrivateFrameworks/DevToolsCore.framework/Resources/pbxcp
    setenv PATH "/Developer/Platforms/iPhoneOS.platform/Developer/usr/bin:/Developer/usr/bin:/Users/scott/bin:/opt/local/bin:/usr/bin:/bin:/usr/sbin:/sbin:/usr/local/bin:/usr/X11/bin"
    "/Developer/Platforms/iPhoneOS.platform/Developer/Library/Xcode/Plug-ins/iPhoneOS Build System Support.xcplugin/Contents/Resources/copypng" "" /Sandboxes/Mathieu/Apple/iPhone/../../../Toolbox/Apple/Buttons/Resources/Images/DualActionButtonAlternate.png "/Sandboxes/Mathieu/Apple/iPhone/build/Ad Hoc Distribution-iphoneos/SporadicM24.app/DualActionButtonAlternate.png"

CopyPNGFile "build/Ad Hoc Distribution-iphoneos/SporadicM24.app/SimpleBluishButtonNormal.png" ../../../Toolbox/Apple/Buttons/Resources/Images/SimpleBluishButtonNormal.png
    cd /Sandboxes/Mathieu/Apple/iPhone
    setenv COPY_COMMAND /Developer/Library/PrivateFrameworks/DevToolsCore.framework/Resources/pbxcp
    setenv PATH "/Developer/Platforms/iPhoneOS.platform/Developer/usr/bin:/Developer/usr/bin:/Users/scott/bin:/opt/local/bin:/usr/bin:/bin:/usr/sbin:/sbin:/usr/local/bin:/usr/X11/bin"
    "/Developer/Platforms/iPhoneOS.platform/Developer/Library/Xcode/Plug-ins/iPhoneOS Build System Support.xcplugin/Contents/Resources/copypng" "" /Sandboxes/Mathieu/Apple/iPhone/../../../Toolbox/Apple/Buttons/Resources/Images/SimpleBluishButtonNormal.png "/Sandboxes/Mathieu/Apple/iPhone/build/Ad Hoc Distribution-iphoneos/SporadicM24.app/SimpleBluishButtonNormal.png"

CopyPNGFile "build/Ad Hoc Distribution-iphoneos/SporadicM24.app/SimpleButtonHighlighted.png" ../../../Toolbox/Apple/Buttons/Resources/Images/SimpleButtonHighlighted.png
    cd /Sandboxes/Mathieu/Apple/iPhone
    setenv COPY_COMMAND /Developer/Library/PrivateFrameworks/DevToolsCore.framework/Resources/pbxcp
    setenv PATH "/Developer/Platforms/iPhoneOS.platform/Developer/usr/bin:/Developer/usr/bin:/Users/scott/bin:/opt/local/bin:/usr/bin:/bin:/usr/sbin:/sbin:/usr/local/bin:/usr/X11/bin"
    "/Developer/Platforms/iPhoneOS.platform/Developer/Library/Xcode/Plug-ins/iPhoneOS Build System Support.xcplugin/Contents/Resources/copypng" "" /Sandboxes/Mathieu/Apple/iPhone/../../../Toolbox/Apple/Buttons/Resources/Images/SimpleButtonHighlighted.png "/Sandboxes/Mathieu/Apple/iPhone/build/Ad Hoc Distribution-iphoneos/SporadicM24.app/SimpleButtonHighlighted.png"

CopyPNGFile "build/Ad Hoc Distribution-iphoneos/SporadicM24.app/SimpleButtonNormal.png" ../../../Toolbox/Apple/Buttons/Resources/Images/SimpleButtonNormal.png
    cd /Sandboxes/Mathieu/Apple/iPhone
    setenv COPY_COMMAND /Developer/Library/PrivateFrameworks/DevToolsCore.framework/Resources/pbxcp
    setenv PATH "/Developer/Platforms/iPhoneOS.platform/Developer/usr/bin:/Developer/usr/bin:/Users/scott/bin:/opt/local/bin:/usr/bin:/bin:/usr/sbin:/sbin:/usr/local/bin:/usr/X11/bin"
    "/Developer/Platforms/iPhoneOS.platform/Developer/Library/Xcode/Plug-ins/iPhoneOS Build System Support.xcplugin/Contents/Resources/copypng" "" /Sandboxes/Mathieu/Apple/iPhone/../../../Toolbox/Apple/Buttons/Resources/Images/SimpleButtonNormal.png "/Sandboxes/Mathieu/Apple/iPhone/build/Ad Hoc Distribution-iphoneos/SporadicM24.app/SimpleButtonNormal.png"

CopyPNGFile "build/Ad Hoc Distribution-iphoneos/SporadicM24.app/SimpleButtonNormalRound.png" ../../../Toolbox/Apple/Buttons/Resources/Images/SimpleButtonNormalRound.png
    cd /Sandboxes/Mathieu/Apple/iPhone
    setenv COPY_COMMAND /Developer/Library/PrivateFrameworks/DevToolsCore.framework/Resources/pbxcp
    setenv PATH "/Developer/Platforms/iPhoneOS.platform/Developer/usr/bin:/Developer/usr/bin:/Users/scott/bin:/opt/local/bin:/usr/bin:/bin:/usr/sbin:/sbin:/usr/local/bin:/usr/X11/bin"
    "/Developer/Platforms/iPhoneOS.platform/Developer/Library/Xcode/Plug-ins/iPhoneOS Build System Support.xcplugin/Contents/Resources/copypng" "" /Sandboxes/Mathieu/Apple/iPhone/../../../Toolbox/Apple/Buttons/Resources/Images/SimpleButtonNormalRound.png "/Sandboxes/Mathieu/Apple/iPhone/build/Ad Hoc Distribution-iphoneos/SporadicM24.app/SimpleButtonNormalRound.png"

CopyPNGFile "build/Ad Hoc Distribution-iphoneos/SporadicM24.app/SimpleButtonRoundHighlighted.png" ../../../Toolbox/Apple/Buttons/Resources/Images/SimpleButtonRoundHighlighted.png
    cd /Sandboxes/Mathieu/Apple/iPhone
    setenv COPY_COMMAND /Developer/Library/PrivateFrameworks/DevToolsCore.framework/Resources/pbxcp
    setenv PATH "/Developer/Platforms/iPhoneOS.platform/Developer/usr/bin:/Developer/usr/bin:/Users/scott/bin:/opt/local/bin:/usr/bin:/bin:/usr/sbin:/sbin:/usr/local/bin:/usr/X11/bin"
    "/Developer/Platforms/iPhoneOS.platform/Developer/Library/Xcode/Plug-ins/iPhoneOS Build System Support.xcplugin/Contents/Resources/copypng" "" /Sandboxes/Mathieu/Apple/iPhone/../../../Toolbox/Apple/Buttons/Resources/Images/SimpleButtonRoundHighlighted.png "/Sandboxes/Mathieu/Apple/iPhone/build/Ad Hoc Distribution-iphoneos/SporadicM24.app/SimpleButtonRoundHighlighted.png"

CopyPNGFile "build/Ad Hoc Distribution-iphoneos/SporadicM24.app/SimpleDarkButtonHighlighted.png" ../../../Toolbox/Apple/Buttons/Resources/Images/SimpleDarkButtonHighlighted.png
    cd /Sandboxes/Mathieu/Apple/iPhone
    setenv COPY_COMMAND /Developer/Library/PrivateFrameworks/DevToolsCore.framework/Resources/pbxcp
    setenv PATH "/Developer/Platforms/iPhoneOS.platform/Developer/usr/bin:/Developer/usr/bin:/Users/scott/bin:/opt/local/bin:/usr/bin:/bin:/usr/sbin:/sbin:/usr/local/bin:/usr/X11/bin"
    "/Developer/Platforms/iPhoneOS.platform/Developer/Library/Xcode/Plug-ins/iPhoneOS Build System Support.xcplugin/Contents/Resources/copypng" "" /Sandboxes/Mathieu/Apple/iPhone/../../../Toolbox/Apple/Buttons/Resources/Images/SimpleDarkButtonHighlighted.png "/Sandboxes/Mathieu/Apple/iPhone/build/Ad Hoc Distribution-iphoneos/SporadicM24.app/SimpleDarkButtonHighlighted.png"

CopyPNGFile "build/Ad Hoc Distribution-iphoneos/SporadicM24.app/SimpleDarkButtonNormal.png" ../../../Toolbox/Apple/Buttons/Resources/Images/SimpleDarkButtonNormal.png
    cd /Sandboxes/Mathieu/Apple/iPhone
    setenv COPY_COMMAND /Developer/Library/PrivateFrameworks/DevToolsCore.framework/Resources/pbxcp
    setenv PATH "/Developer/Platforms/iPhoneOS.platform/Developer/usr/bin:/Developer/usr/bin:/Users/scott/bin:/opt/local/bin:/usr/bin:/bin:/usr/sbin:/sbin:/usr/local/bin:/usr/X11/bin"
    "/Developer/Platforms/iPhoneOS.platform/Developer/Library/Xcode/Plug-ins/iPhoneOS Build System Support.xcplugin/Contents/Resources/copypng" "" /Sandboxes/Mathieu/Apple/iPhone/../../../Toolbox/Apple/Buttons/Resources/Images/SimpleDarkButtonNormal.png "/Sandboxes/Mathieu/Apple/iPhone/build/Ad Hoc Distribution-iphoneos/SporadicM24.app/SimpleDarkButtonNormal.png"

CopyPNGFile "build/Ad Hoc Distribution-iphoneos/SporadicM24.app/SporadicGamesLogo.png" ../../../Toolbox/PlatformIndependent/Images/SporadicGamesLogo.png
    cd /Sandboxes/Mathieu/Apple/iPhone
    setenv COPY_COMMAND /Developer/Library/PrivateFrameworks/DevToolsCore.framework/Resources/pbxcp
    setenv PATH "/Developer/Platforms/iPhoneOS.platform/Developer/usr/bin:/Developer/usr/bin:/Users/scott/bin:/opt/local/bin:/usr/bin:/bin:/usr/sbin:/sbin:/usr/local/bin:/usr/X11/bin"
    "/Developer/Platforms/iPhoneOS.platform/Developer/Library/Xcode/Plug-ins/iPhoneOS Build System Support.xcplugin/Contents/Resources/copypng" "" /Sandboxes/Mathieu/Apple/iPhone/../../../Toolbox/PlatformIndependent/Images/SporadicGamesLogo.png "/Sandboxes/Mathieu/Apple/iPhone/build/Ad Hoc Distribution-iphoneos/SporadicM24.app/SporadicGamesLogo.png"

CpResource "build/Ad Hoc Distribution-iphoneos/SporadicM24.app/buttons.html" ../../PlatformIndependent/M24/Documentation/html/buttons.html
    cd /Sandboxes/Mathieu/Apple/iPhone
    setenv PATH "/Developer/Platforms/iPhoneOS.platform/Developer/usr/bin:/Developer/usr/bin:/Users/scott/bin:/opt/local/bin:/usr/bin:/bin:/usr/sbin:/sbin:/usr/local/bin:/usr/X11/bin"
    /Developer/Library/PrivateFrameworks/DevToolsCore.framework/Resources/pbxcp -exclude .DS_Store -exclude CVS -exclude .svn -strip-debug-symbols -resolve-src-symlinks /Sandboxes/Mathieu/Apple/iPhone/../../PlatformIndependent/M24/Documentation/html/buttons.html "/Sandboxes/Mathieu/Apple/iPhone/build/Ad Hoc Distribution-iphoneos/SporadicM24.app"

CpResource "build/Ad Hoc Distribution-iphoneos/SporadicM24.app/combo_buttons.html" ../../PlatformIndependent/M24/Documentation/html/combo_buttons.html
    cd /Sandboxes/Mathieu/Apple/iPhone
    setenv PATH "/Developer/Platforms/iPhoneOS.platform/Developer/usr/bin:/Developer/usr/bin:/Users/scott/bin:/opt/local/bin:/usr/bin:/bin:/usr/sbin:/sbin:/usr/local/bin:/usr/X11/bin"
    /Developer/Library/PrivateFrameworks/DevToolsCore.framework/Resources/pbxcp -exclude .DS_Store -exclude CVS -exclude .svn -strip-debug-symbols -resolve-src-symlinks /Sandboxes/Mathieu/Apple/iPhone/../../PlatformIndependent/M24/Documentation/html/combo_buttons.html "/Sandboxes/Mathieu/Apple/iPhone/build/Ad Hoc Distribution-iphoneos/SporadicM24.app"

CpResource "build/Ad Hoc Distribution-iphoneos/SporadicM24.app/hints.html" ../../PlatformIndependent/M24/Documentation/html/hints.html
    cd /Sandboxes/Mathieu/Apple/iPhone
    setenv PATH "/Developer/Platforms/iPhoneOS.platform/Developer/usr/bin:/Developer/usr/bin:/Users/scott/bin:/opt/local/bin:/usr/bin:/bin:/usr/sbin:/sbin:/usr/local/bin:/usr/X11/bin"
    /Developer/Library/PrivateFrameworks/DevToolsCore.framework/Resources/pbxcp -exclude .DS_Store -exclude CVS -exclude .svn -strip-debug-symbols -resolve-src-symlinks /Sandboxes/Mathieu/Apple/iPhone/../../PlatformIndependent/M24/Documentation/html/hints.html "/Sandboxes/Mathieu/Apple/iPhone/build/Ad Hoc Distribution-iphoneos/SporadicM24.app"

CpResource "build/Ad Hoc Distribution-iphoneos/SporadicM24.app/error.html" ../../PlatformIndependent/M24/Documentation/html/error.html
    cd /Sandboxes/Mathieu/Apple/iPhone
    setenv PATH "/Developer/Platforms/iPhoneOS.platform/Developer/usr/bin:/Developer/usr/bin:/Users/scott/bin:/opt/local/bin:/usr/bin:/bin:/usr/sbin:/sbin:/usr/local/bin:/usr/X11/bin"
    /Developer/Library/PrivateFrameworks/DevToolsCore.framework/Resources/pbxcp -exclude .DS_Store -exclude CVS -exclude .svn -strip-debug-symbols -resolve-src-symlinks /Sandboxes/Mathieu/Apple/iPhone/../../PlatformIndependent/M24/Documentation/html/error.html "/Sandboxes/Mathieu/Apple/iPhone/build/Ad Hoc Distribution-iphoneos/SporadicM24.app"

CpResource "build/Ad Hoc Distribution-iphoneos/SporadicM24.app/index.html" ../../PlatformIndependent/M24/Documentation/html/index.html
    cd /Sandboxes/Mathieu/Apple/iPhone
    setenv PATH "/Developer/Platforms/iPhoneOS.platform/Developer/usr/bin:/Developer/usr/bin:/Users/scott/bin:/opt/local/bin:/usr/bin:/bin:/usr/sbin:/sbin:/usr/local/bin:/usr/X11/bin"
    /Developer/Library/PrivateFrameworks/DevToolsCore.framework/Resources/pbxcp -exclude .DS_Store -exclude CVS -exclude .svn -strip-debug-symbols -resolve-src-symlinks /Sandboxes/Mathieu/Apple/iPhone/../../PlatformIndependent/M24/Documentation/html/index.html "/Sandboxes/Mathieu/Apple/iPhone/build/Ad Hoc Distribution-iphoneos/SporadicM24.app"

CpResource "build/Ad Hoc Distribution-iphoneos/SporadicM24.app/moves_and_steps.html" ../../PlatformIndependent/M24/Documentation/html/moves_and_steps.html
    cd /Sandboxes/Mathieu/Apple/iPhone
    setenv PATH "/Developer/Platforms/iPhoneOS.platform/Developer/usr/bin:/Developer/usr/bin:/Users/scott/bin:/opt/local/bin:/usr/bin:/bin:/usr/sbin:/sbin:/usr/local/bin:/usr/X11/bin"
    /Developer/Library/PrivateFrameworks/DevToolsCore.framework/Resources/pbxcp -exclude .DS_Store -exclude CVS -exclude .svn -strip-debug-symbols -resolve-src-symlinks /Sandboxes/Mathieu/Apple/iPhone/../../PlatformIndependent/M24/Documentation/html/moves_and_steps.html "/Sandboxes/Mathieu/Apple/iPhone/build/Ad Hoc Distribution-iphoneos/SporadicM24.app"

CpResource "build/Ad Hoc Distribution-iphoneos/SporadicM24.app/Generic_Images" ../../PlatformIndependent/Documentation/html/Generic_Images
    cd /Sandboxes/Mathieu/Apple/iPhone
    setenv PATH "/Developer/Platforms/iPhoneOS.platform/Developer/usr/bin:/Developer/usr/bin:/Users/scott/bin:/opt/local/bin:/usr/bin:/bin:/usr/sbin:/sbin:/usr/local/bin:/usr/X11/bin"
    /Developer/Library/PrivateFrameworks/DevToolsCore.framework/Resources/pbxcp -exclude .DS_Store -exclude CVS -exclude .svn -strip-debug-symbols -resolve-src-symlinks /Sandboxes/Mathieu/Apple/iPhone/../../PlatformIndependent/Documentation/html/Generic_Images "/Sandboxes/Mathieu/Apple/iPhone/build/Ad Hoc Distribution-iphoneos/SporadicM24.app"

CopyPlistFile "build/Ad Hoc Distribution-iphoneos/SporadicM24.app/Entitlements.plist" Entitlements.plist
    cd /Sandboxes/Mathieu/Apple/iPhone
    setenv PATH "/Developer/Platforms/iPhoneOS.platform/Developer/usr/bin:/Developer/usr/bin:/Users/scott/bin:/opt/local/bin:/usr/bin:/bin:/usr/sbin:/sbin:/usr/local/bin:/usr/X11/bin"
    /Developer/Library/Xcode/Plug-ins/CoreBuildTasks.xcplugin/Contents/Resources/copyplist --convert binary1 Entitlements.plist --outdir "/Sandboxes/Mathieu/Apple/iPhone/build/Ad Hoc Distribution-iphoneos/SporadicM24.app"

CpResource "build/Ad Hoc Distribution-iphoneos/SporadicM24.app/Images" ../../PlatformIndependent/M24/Documentation/html/Images
    cd /Sandboxes/Mathieu/Apple/iPhone
    setenv PATH "/Developer/Platforms/iPhoneOS.platform/Developer/usr/bin:/Developer/usr/bin:/Users/scott/bin:/opt/local/bin:/usr/bin:/bin:/usr/sbin:/sbin:/usr/local/bin:/usr/X11/bin"
    /Developer/Library/PrivateFrameworks/DevToolsCore.framework/Resources/pbxcp -exclude .DS_Store -exclude CVS -exclude .svn -strip-debug-symbols -resolve-src-symlinks /Sandboxes/Mathieu/Apple/iPhone/../../PlatformIndependent/M24/Documentation/html/Images "/Sandboxes/Mathieu/Apple/iPhone/build/Ad Hoc Distribution-iphoneos/SporadicM24.app"

CompileC "build/Mathieu.build/Ad Hoc Distribution-iphoneos/SporadicM24.build/Objects-normal/armv6/BallRingView.o" ../DeviceIndependent/Classes/BallRingView.mm normal armv6 objective-c++ com.apple.compilers.gcc.4_2
    cd /Sandboxes/Mathieu/Apple/iPhone
    setenv LANG en_US.US-ASCII
    setenv PATH "/Developer/Platforms/iPhoneOS.platform/Developer/usr/bin:/Developer/usr/bin:/Users/scott/bin:/opt/local/bin:/usr/bin:/bin:/usr/sbin:/sbin:/usr/local/bin:/usr/X11/bin"
    /Developer/Platforms/iPhoneOS.platform/Developer/usr/bin/gcc-4.2 -x objective-c++ -arch armv6 -fmessage-length=0 -pipe -Wno-trigraphs -fpascal-strings -Os -mdynamic-no-pic -Wreturn-type -Wunused-variable -DMATHIEU_GROUP_PERMUTATION_SIZE=24 -DFREE=0 -isysroot /Developer/Platforms/iPhoneOS.platform/Developer/SDKs/iPhoneOS3.1.2.sdk -fvisibility=hidden -fvisibility-inlines-hidden -gdwarf-2 -mthumb -miphoneos-version-min=3.1.2 -iquote "/Sandboxes/Mathieu/Apple/iPhone/build/Mathieu.build/Ad Hoc Distribution-iphoneos/SporadicM24.build/SporadicM24-generated-files.hmap" "-I/Sandboxes/Mathieu/Apple/iPhone/build/Mathieu.build/Ad Hoc Distribution-iphoneos/SporadicM24.build/SporadicM24-own-target-headers.hmap" "-I/Sandboxes/Mathieu/Apple/iPhone/build/Mathieu.build/Ad Hoc Distribution-iphoneos/SporadicM24.build/SporadicM24-all-target-headers.hmap" -iquote "/Sandboxes/Mathieu/Apple/iPhone/build/Mathieu.build/Ad Hoc Distribution-iphoneos/SporadicM24.build/SporadicM24-project-headers.hmap" "-F/Sandboxes/Mathieu/Apple/iPhone/build/Ad Hoc Distribution-iphoneos" -iquote../../../Toolbox -iquote../../../Toolbox/Apple -iquote../../../Toolbox/CommandLine -iquote../../../Toolbox/Linux -iquote../../../Toolbox/Microsoft -iquote../../../Toolbox/PlatformIndependent -iquote../../../Toolbox/Apple/bin -iquote../../../Toolbox/Apple/Buttons -iquote../../../Toolbox/Apple/Filenames -iquote../../../Toolbox/Apple/Generic -iquote../../../Toolbox/Apple/ObjLisp -iquote../../../Toolbox/Apple/OKCancelAlertView -iquote../../../Toolbox/Apple/OrderedDictionary -iquote../../../Toolbox/Apple/Queue -iquote../../../Toolbox/Apple/SoundEffect -iquote../../../Toolbox/Apple/TransitionView -iquote../../../Toolbox/PlatformIndependent/Filenames -iquote../../../Toolbox/PlatformIndependent/Images -iquote../../../Toolbox/PlatformIndependent/Matrix -iquote../../../Toolbox/PlatformIndependent/Permutation -iquote../../../Toolbox/PlatformIndependent/Vertex_Coloring -iquote../../../Toolbox/PlatformIndependent/zip -iquote../../../Toolbox/Apple/Buttons/Classes -iquote../../../Toolbox/Apple/Buttons/Resources -iquote../../../Toolbox/Apple/Generic/View_and_ViewController -iquote../../../Toolbox/Apple/SoundEffect/Classes -iquote../../../Toolbox/Apple/SoundEffect/Resources -iquote../../../Toolbox/Apple/TransitionView/Classes -iquote../../../Toolbox/Apple/TransitionView/Resources -iquote../../../Toolbox/PlatformIndependent/Vertex_Coloring/autom4te.cache -iquote../../../Toolbox/PlatformIndependent/Vertex_Coloring/debug -iquote../../../Toolbox/PlatformIndependent/Vertex_Coloring/templates -iquote../../../Toolbox/PlatformIndependent/Vertex_Coloring/vertex_coloring -iquote../../../Toolbox/PlatformIndependent/Vertex_Coloring/write_graph -iquote../../../Toolbox/PlatformIndependent/zip/gzstream -iquote../../../Toolbox/PlatformIndependent/zip/zipinput -iquote../../../Toolbox/Apple/Buttons/Resources/Images -iquote../../../Toolbox/PlatformIndependent/Vertex_Coloring/debug/src -iquote../../../Toolbox/PlatformIndependent/Vertex_Coloring/debug/write_graph -iquote../../../Toolbox/PlatformIndependent/Vertex_Coloring/debug/src/.deps -iquote../../../Toolbox/PlatformIndependent/Vertex_Coloring/debug/write_graph/.deps "-I/Sandboxes/Mathieu/Apple/iPhone/build/Ad Hoc Distribution-iphoneos/include" "-I/Sandboxes/Mathieu/Apple/iPhone/build/Mathieu.build/Ad Hoc Distribution-iphoneos/SporadicM24.build/DerivedSources/armv6" "-I/Sandboxes/Mathieu/Apple/iPhone/build/Mathieu.build/Ad Hoc Distribution-iphoneos/SporadicM24.build/DerivedSources" -include /var/folders/BI/BIpn29DAGJW7A0ZHOaCI1U+++TM/-Caches-/com.apple.Xcode.502/SharedPrecompiledHeaders/Mathieu_Prefix-gtghdqnlmcsnvxdmndqqlxjmpout/Mathieu_Prefix.pch -c /Sandboxes/Mathieu/Apple/iPhone/../DeviceIndependent/Classes/BallRingView.mm -o "/Sandboxes/Mathieu/Apple/iPhone/build/Mathieu.build/Ad Hoc Distribution-iphoneos/SporadicM24.build/Objects-normal/armv6/BallRingView.o"

CompileC "build/Mathieu.build/Ad Hoc Distribution-iphoneos/SporadicM24.build/Objects-normal/armv6/BallView.o" ../DeviceIndependent/Classes/BallView.mm normal armv6 objective-c++ com.apple.compilers.gcc.4_2
    cd /Sandboxes/Mathieu/Apple/iPhone
    setenv LANG en_US.US-ASCII
    setenv PATH "/Developer/Platforms/iPhoneOS.platform/Developer/usr/bin:/Developer/usr/bin:/Users/scott/bin:/opt/local/bin:/usr/bin:/bin:/usr/sbin:/sbin:/usr/local/bin:/usr/X11/bin"
    /Developer/Platforms/iPhoneOS.platform/Developer/usr/bin/gcc-4.2 -x objective-c++ -arch armv6 -fmessage-length=0 -pipe -Wno-trigraphs -fpascal-strings -Os -mdynamic-no-pic -Wreturn-type -Wunused-variable -DMATHIEU_GROUP_PERMUTATION_SIZE=24 -DFREE=0 -isysroot /Developer/Platforms/iPhoneOS.platform/Developer/SDKs/iPhoneOS3.1.2.sdk -fvisibility=hidden -fvisibility-inlines-hidden -gdwarf-2 -mthumb -miphoneos-version-min=3.1.2 -iquote "/Sandboxes/Mathieu/Apple/iPhone/build/Mathieu.build/Ad Hoc Distribution-iphoneos/SporadicM24.build/SporadicM24-generated-files.hmap" "-I/Sandboxes/Mathieu/Apple/iPhone/build/Mathieu.build/Ad Hoc Distribution-iphoneos/SporadicM24.build/SporadicM24-own-target-headers.hmap" "-I/Sandboxes/Mathieu/Apple/iPhone/build/Mathieu.build/Ad Hoc Distribution-iphoneos/SporadicM24.build/SporadicM24-all-target-headers.hmap" -iquote "/Sandboxes/Mathieu/Apple/iPhone/build/Mathieu.build/Ad Hoc Distribution-iphoneos/SporadicM24.build/SporadicM24-project-headers.hmap" "-F/Sandboxes/Mathieu/Apple/iPhone/build/Ad Hoc Distribution-iphoneos" -iquote../../../Toolbox -iquote../../../Toolbox/Apple -iquote../../../Toolbox/CommandLine -iquote../../../Toolbox/Linux -iquote../../../Toolbox/Microsoft -iquote../../../Toolbox/PlatformIndependent -iquote../../../Toolbox/Apple/bin -iquote../../../Toolbox/Apple/Buttons -iquote../../../Toolbox/Apple/Filenames -iquote../../../Toolbox/Apple/Generic -iquote../../../Toolbox/Apple/ObjLisp -iquote../../../Toolbox/Apple/OKCancelAlertView -iquote../../../Toolbox/Apple/OrderedDictionary -iquote../../../Toolbox/Apple/Queue -iquote../../../Toolbox/Apple/SoundEffect -iquote../../../Toolbox/Apple/TransitionView -iquote../../../Toolbox/PlatformIndependent/Filenames -iquote../../../Toolbox/PlatformIndependent/Images -iquote../../../Toolbox/PlatformIndependent/Matrix -iquote../../../Toolbox/PlatformIndependent/Permutation -iquote../../../Toolbox/PlatformIndependent/Vertex_Coloring -iquote../../../Toolbox/PlatformIndependent/zip -iquote../../../Toolbox/Apple/Buttons/Classes -iquote../../../Toolbox/Apple/Buttons/Resources -iquote../../../Toolbox/Apple/Generic/View_and_ViewController -iquote../../../Toolbox/Apple/SoundEffect/Classes -iquote../../../Toolbox/Apple/SoundEffect/Resources -iquote../../../Toolbox/Apple/TransitionView/Classes -iquote../../../Toolbox/Apple/TransitionView/Resources -iquote../../../Toolbox/PlatformIndependent/Vertex_Coloring/autom4te.cache -iquote../../../Toolbox/PlatformIndependent/Vertex_Coloring/debug -iquote../../../Toolbox/PlatformIndependent/Vertex_Coloring/templates -iquote../../../Toolbox/PlatformIndependent/Vertex_Coloring/vertex_coloring -iquote../../../Toolbox/PlatformIndependent/Vertex_Coloring/write_graph -iquote../../../Toolbox/PlatformIndependent/zip/gzstream -iquote../../../Toolbox/PlatformIndependent/zip/zipinput -iquote../../../Toolbox/Apple/Buttons/Resources/Images -iquote../../../Toolbox/PlatformIndependent/Vertex_Coloring/debug/src -iquote../../../Toolbox/PlatformIndependent/Vertex_Coloring/debug/write_graph -iquote../../../Toolbox/PlatformIndependent/Vertex_Coloring/debug/src/.deps -iquote../../../Toolbox/PlatformIndependent/Vertex_Coloring/debug/write_graph/.deps "-I/Sandboxes/Mathieu/Apple/iPhone/build/Ad Hoc Distribution-iphoneos/include" "-I/Sandboxes/Mathieu/Apple/iPhone/build/Mathieu.build/Ad Hoc Distribution-iphoneos/SporadicM24.build/DerivedSources/armv6" "-I/Sandboxes/Mathieu/Apple/iPhone/build/Mathieu.build/Ad Hoc Distribution-iphoneos/SporadicM24.build/DerivedSources" -include /var/folders/BI/BIpn29DAGJW7A0ZHOaCI1U+++TM/-Caches-/com.apple.Xcode.502/SharedPrecompiledHeaders/Mathieu_Prefix-gtghdqnlmcsnvxdmndqqlxjmpout/Mathieu_Prefix.pch -c /Sandboxes/Mathieu/Apple/iPhone/../DeviceIndependent/Classes/BallView.mm -o "/Sandboxes/Mathieu/Apple/iPhone/build/Mathieu.build/Ad Hoc Distribution-iphoneos/SporadicM24.build/Objects-normal/armv6/BallView.o"

CompileC "build/Mathieu.build/Ad Hoc Distribution-iphoneos/SporadicM24.build/Objects-normal/armv6/ComboButton.o" ../DeviceIndependent/Classes/ComboButton.mm normal armv6 objective-c++ com.apple.compilers.gcc.4_2
    cd /Sandboxes/Mathieu/Apple/iPhone
    setenv LANG en_US.US-ASCII
    setenv PATH "/Developer/Platforms/iPhoneOS.platform/Developer/usr/bin:/Developer/usr/bin:/Users/scott/bin:/opt/local/bin:/usr/bin:/bin:/usr/sbin:/sbin:/usr/local/bin:/usr/X11/bin"
    /Developer/Platforms/iPhoneOS.platform/Developer/usr/bin/gcc-4.2 -x objective-c++ -arch armv6 -fmessage-length=0 -pipe -Wno-trigraphs -fpascal-strings -Os -mdynamic-no-pic -Wreturn-type -Wunused-variable -DMATHIEU_GROUP_PERMUTATION_SIZE=24 -DFREE=0 -isysroot /Developer/Platforms/iPhoneOS.platform/Developer/SDKs/iPhoneOS3.1.2.sdk -fvisibility=hidden -fvisibility-inlines-hidden -gdwarf-2 -mthumb -miphoneos-version-min=3.1.2 -iquote "/Sandboxes/Mathieu/Apple/iPhone/build/Mathieu.build/Ad Hoc Distribution-iphoneos/SporadicM24.build/SporadicM24-generated-files.hmap" "-I/Sandboxes/Mathieu/Apple/iPhone/build/Mathieu.build/Ad Hoc Distribution-iphoneos/SporadicM24.build/SporadicM24-own-target-headers.hmap" "-I/Sandboxes/Mathieu/Apple/iPhone/build/Mathieu.build/Ad Hoc Distribution-iphoneos/SporadicM24.build/SporadicM24-all-target-headers.hmap" -iquote "/Sandboxes/Mathieu/Apple/iPhone/build/Mathieu.build/Ad Hoc Distribution-iphoneos/SporadicM24.build/SporadicM24-project-headers.hmap" "-F/Sandboxes/Mathieu/Apple/iPhone/build/Ad Hoc Distribution-iphoneos" -iquote../../../Toolbox -iquote../../../Toolbox/Apple -iquote../../../Toolbox/CommandLine -iquote../../../Toolbox/Linux -iquote../../../Toolbox/Microsoft -iquote../../../Toolbox/PlatformIndependent -iquote../../../Toolbox/Apple/bin -iquote../../../Toolbox/Apple/Buttons -iquote../../../Toolbox/Apple/Filenames -iquote../../../Toolbox/Apple/Generic -iquote../../../Toolbox/Apple/ObjLisp -iquote../../../Toolbox/Apple/OKCancelAlertView -iquote../../../Toolbox/Apple/OrderedDictionary -iquote../../../Toolbox/Apple/Queue -iquote../../../Toolbox/Apple/SoundEffect -iquote../../../Toolbox/Apple/TransitionView -iquote../../../Toolbox/PlatformIndependent/Filenames -iquote../../../Toolbox/PlatformIndependent/Images -iquote../../../Toolbox/PlatformIndependent/Matrix -iquote../../../Toolbox/PlatformIndependent/Permutation -iquote../../../Toolbox/PlatformIndependent/Vertex_Coloring -iquote../../../Toolbox/PlatformIndependent/zip -iquote../../../Toolbox/Apple/Buttons/Classes -iquote../../../Toolbox/Apple/Buttons/Resources -iquote../../../Toolbox/Apple/Generic/View_and_ViewController -iquote../../../Toolbox/Apple/SoundEffect/Classes -iquote../../../Toolbox/Apple/SoundEffect/Resources -iquote../../../Toolbox/Apple/TransitionView/Classes -iquote../../../Toolbox/Apple/TransitionView/Resources -iquote../../../Toolbox/PlatformIndependent/Vertex_Coloring/autom4te.cache -iquote../../../Toolbox/PlatformIndependent/Vertex_Coloring/debug -iquote../../../Toolbox/PlatformIndependent/Vertex_Coloring/templates -iquote../../../Toolbox/PlatformIndependent/Vertex_Coloring/vertex_coloring -iquote../../../Toolbox/PlatformIndependent/Vertex_Coloring/write_graph -iquote../../../Toolbox/PlatformIndependent/zip/gzstream -iquote../../../Toolbox/PlatformIndependent/zip/zipinput -iquote../../../Toolbox/Apple/Buttons/Resources/Images -iquote../../../Toolbox/PlatformIndependent/Vertex_Coloring/debug/src -iquote../../../Toolbox/PlatformIndependent/Vertex_Coloring/debug/write_graph -iquote../../../Toolbox/PlatformIndependent/Vertex_Coloring/debug/src/.deps -iquote../../../Toolbox/PlatformIndependent/Vertex_Coloring/debug/write_graph/.deps "-I/Sandboxes/Mathieu/Apple/iPhone/build/Ad Hoc Distribution-iphoneos/include" "-I/Sandboxes/Mathieu/Apple/iPhone/build/Mathieu.build/Ad Hoc Distribution-iphoneos/SporadicM24.build/DerivedSources/armv6" "-I/Sandboxes/Mathieu/Apple/iPhone/build/Mathieu.build/Ad Hoc Distribution-iphoneos/SporadicM24.build/DerivedSources" -include /var/folders/BI/BIpn29DAGJW7A0ZHOaCI1U+++TM/-Caches-/com.apple.Xcode.502/SharedPrecompiledHeaders/Mathieu_Prefix-gtghdqnlmcsnvxdmndqqlxjmpout/Mathieu_Prefix.pch -c /Sandboxes/Mathieu/Apple/iPhone/../DeviceIndependent/Classes/ComboButton.mm -o "/Sandboxes/Mathieu/Apple/iPhone/build/Mathieu.build/Ad Hoc Distribution-iphoneos/SporadicM24.build/Objects-normal/armv6/ComboButton.o"

CompileC "build/Mathieu.build/Ad Hoc Distribution-iphoneos/SporadicM24.build/Objects-normal/armv6/GameModel.o" ../DeviceIndependent/Classes/GameModel.mm normal armv6 objective-c++ com.apple.compilers.gcc.4_2
    cd /Sandboxes/Mathieu/Apple/iPhone
    setenv LANG en_US.US-ASCII
    setenv PATH "/Developer/Platforms/iPhoneOS.platform/Developer/usr/bin:/Developer/usr/bin:/Users/scott/bin:/opt/local/bin:/usr/bin:/bin:/usr/sbin:/sbin:/usr/local/bin:/usr/X11/bin"
    /Developer/Platforms/iPhoneOS.platform/Developer/usr/bin/gcc-4.2 -x objective-c++ -arch armv6 -fmessage-length=0 -pipe -Wno-trigraphs -fpascal-strings -Os -mdynamic-no-pic -Wreturn-type -Wunused-variable -DMATHIEU_GROUP_PERMUTATION_SIZE=24 -DFREE=0 -isysroot /Developer/Platforms/iPhoneOS.platform/Developer/SDKs/iPhoneOS3.1.2.sdk -fvisibility=hidden -fvisibility-inlines-hidden -gdwarf-2 -mthumb -miphoneos-version-min=3.1.2 -iquote "/Sandboxes/Mathieu/Apple/iPhone/build/Mathieu.build/Ad Hoc Distribution-iphoneos/SporadicM24.build/SporadicM24-generated-files.hmap" "-I/Sandboxes/Mathieu/Apple/iPhone/build/Mathieu.build/Ad Hoc Distribution-iphoneos/SporadicM24.build/SporadicM24-own-target-headers.hmap" "-I/Sandboxes/Mathieu/Apple/iPhone/build/Mathieu.build/Ad Hoc Distribution-iphoneos/SporadicM24.build/SporadicM24-all-target-headers.hmap" -iquote "/Sandboxes/Mathieu/Apple/iPhone/build/Mathieu.build/Ad Hoc Distribution-iphoneos/SporadicM24.build/SporadicM24-project-headers.hmap" "-F/Sandboxes/Mathieu/Apple/iPhone/build/Ad Hoc Distribution-iphoneos" -iquote../../../Toolbox -iquote../../../Toolbox/Apple -iquote../../../Toolbox/CommandLine -iquote../../../Toolbox/Linux -iquote../../../Toolbox/Microsoft -iquote../../../Toolbox/PlatformIndependent -iquote../../../Toolbox/Apple/bin -iquote../../../Toolbox/Apple/Buttons -iquote../../../Toolbox/Apple/Filenames -iquote../../../Toolbox/Apple/Generic -iquote../../../Toolbox/Apple/ObjLisp -iquote../../../Toolbox/Apple/OKCancelAlertView -iquote../../../Toolbox/Apple/OrderedDictionary -iquote../../../Toolbox/Apple/Queue -iquote../../../Toolbox/Apple/SoundEffect -iquote../../../Toolbox/Apple/TransitionView -iquote../../../Toolbox/PlatformIndependent/Filenames -iquote../../../Toolbox/PlatformIndependent/Images -iquote../../../Toolbox/PlatformIndependent/Matrix -iquote../../../Toolbox/PlatformIndependent/Permutation -iquote../../../Toolbox/PlatformIndependent/Vertex_Coloring -iquote../../../Toolbox/PlatformIndependent/zip -iquote../../../Toolbox/Apple/Buttons/Classes -iquote../../../Toolbox/Apple/Buttons/Resources -iquote../../../Toolbox/Apple/Generic/View_and_ViewController -iquote../../../Toolbox/Apple/SoundEffect/Classes -iquote../../../Toolbox/Apple/SoundEffect/Resources -iquote../../../Toolbox/Apple/TransitionView/Classes -iquote../../../Toolbox/Apple/TransitionView/Resources -iquote../../../Toolbox/PlatformIndependent/Vertex_Coloring/autom4te.cache -iquote../../../Toolbox/PlatformIndependent/Vertex_Coloring/debug -iquote../../../Toolbox/PlatformIndependent/Vertex_Coloring/templates -iquote../../../Toolbox/PlatformIndependent/Vertex_Coloring/vertex_coloring -iquote../../../Toolbox/PlatformIndependent/Vertex_Coloring/write_graph -iquote../../../Toolbox/PlatformIndependent/zip/gzstream -iquote../../../Toolbox/PlatformIndependent/zip/zipinput -iquote../../../Toolbox/Apple/Buttons/Resources/Images -iquote../../../Toolbox/PlatformIndependent/Vertex_Coloring/debug/src -iquote../../../Toolbox/PlatformIndependent/Vertex_Coloring/debug/write_graph -iquote../../../Toolbox/PlatformIndependent/Vertex_Coloring/debug/src/.deps -iquote../../../Toolbox/PlatformIndependent/Vertex_Coloring/debug/write_graph/.deps "-I/Sandboxes/Mathieu/Apple/iPhone/build/Ad Hoc Distribution-iphoneos/include" "-I/Sandboxes/Mathieu/Apple/iPhone/build/Mathieu.build/Ad Hoc Distribution-iphoneos/SporadicM24.build/DerivedSources/armv6" "-I/Sandboxes/Mathieu/Apple/iPhone/build/Mathieu.build/Ad Hoc Distribution-iphoneos/SporadicM24.build/DerivedSources" -include /var/folders/BI/BIpn29DAGJW7A0ZHOaCI1U+++TM/-Caches-/com.apple.Xcode.502/SharedPrecompiledHeaders/Mathieu_Prefix-gtghdqnlmcsnvxdmndqqlxjmpout/Mathieu_Prefix.pch -c /Sandboxes/Mathieu/Apple/iPhone/../DeviceIndependent/Classes/GameModel.mm -o "/Sandboxes/Mathieu/Apple/iPhone/build/Mathieu.build/Ad Hoc Distribution-iphoneos/SporadicM24.build/Objects-normal/armv6/GameModel.o"

CompileC "build/Mathieu.build/Ad Hoc Distribution-iphoneos/SporadicM24.build/Objects-normal/armv6/HelpView.o" ../DeviceIndependent/Classes/HelpView.mm normal armv6 objective-c++ com.apple.compilers.gcc.4_2
    cd /Sandboxes/Mathieu/Apple/iPhone
    setenv LANG en_US.US-ASCII
    setenv PATH "/Developer/Platforms/iPhoneOS.platform/Developer/usr/bin:/Developer/usr/bin:/Users/scott/bin:/opt/local/bin:/usr/bin:/bin:/usr/sbin:/sbin:/usr/local/bin:/usr/X11/bin"
    /Developer/Platforms/iPhoneOS.platform/Developer/usr/bin/gcc-4.2 -x objective-c++ -arch armv6 -fmessage-length=0 -pipe -Wno-trigraphs -fpascal-strings -Os -mdynamic-no-pic -Wreturn-type -Wunused-variable -DMATHIEU_GROUP_PERMUTATION_SIZE=24 -DFREE=0 -isysroot /Developer/Platforms/iPhoneOS.platform/Developer/SDKs/iPhoneOS3.1.2.sdk -fvisibility=hidden -fvisibility-inlines-hidden -gdwarf-2 -mthumb -miphoneos-version-min=3.1.2 -iquote "/Sandboxes/Mathieu/Apple/iPhone/build/Mathieu.build/Ad Hoc Distribution-iphoneos/SporadicM24.build/SporadicM24-generated-files.hmap" "-I/Sandboxes/Mathieu/Apple/iPhone/build/Mathieu.build/Ad Hoc Distribution-iphoneos/SporadicM24.build/SporadicM24-own-target-headers.hmap" "-I/Sandboxes/Mathieu/Apple/iPhone/build/Mathieu.build/Ad Hoc Distribution-iphoneos/SporadicM24.build/SporadicM24-all-target-headers.hmap" -iquote "/Sandboxes/Mathieu/Apple/iPhone/build/Mathieu.build/Ad Hoc Distribution-iphoneos/SporadicM24.build/SporadicM24-project-headers.hmap" "-F/Sandboxes/Mathieu/Apple/iPhone/build/Ad Hoc Distribution-iphoneos" -iquote../../../Toolbox -iquote../../../Toolbox/Apple -iquote../../../Toolbox/CommandLine -iquote../../../Toolbox/Linux -iquote../../../Toolbox/Microsoft -iquote../../../Toolbox/PlatformIndependent -iquote../../../Toolbox/Apple/bin -iquote../../../Toolbox/Apple/Buttons -iquote../../../Toolbox/Apple/Filenames -iquote../../../Toolbox/Apple/Generic -iquote../../../Toolbox/Apple/ObjLisp -iquote../../../Toolbox/Apple/OKCancelAlertView -iquote../../../Toolbox/Apple/OrderedDictionary -iquote../../../Toolbox/Apple/Queue -iquote../../../Toolbox/Apple/SoundEffect -iquote../../../Toolbox/Apple/TransitionView -iquote../../../Toolbox/PlatformIndependent/Filenames -iquote../../../Toolbox/PlatformIndependent/Images -iquote../../../Toolbox/PlatformIndependent/Matrix -iquote../../../Toolbox/PlatformIndependent/Permutation -iquote../../../Toolbox/PlatformIndependent/Vertex_Coloring -iquote../../../Toolbox/PlatformIndependent/zip -iquote../../../Toolbox/Apple/Buttons/Classes -iquote../../../Toolbox/Apple/Buttons/Resources -iquote../../../Toolbox/Apple/Generic/View_and_ViewController -iquote../../../Toolbox/Apple/SoundEffect/Classes -iquote../../../Toolbox/Apple/SoundEffect/Resources -iquote../../../Toolbox/Apple/TransitionView/Classes -iquote../../../Toolbox/Apple/TransitionView/Resources -iquote../../../Toolbox/PlatformIndependent/Vertex_Coloring/autom4te.cache -iquote../../../Toolbox/PlatformIndependent/Vertex_Coloring/debug -iquote../../../Toolbox/PlatformIndependent/Vertex_Coloring/templates -iquote../../../Toolbox/PlatformIndependent/Vertex_Coloring/vertex_coloring -iquote../../../Toolbox/PlatformIndependent/Vertex_Coloring/write_graph -iquote../../../Toolbox/PlatformIndependent/zip/gzstream -iquote../../../Toolbox/PlatformIndependent/zip/zipinput -iquote../../../Toolbox/Apple/Buttons/Resources/Images -iquote../../../Toolbox/PlatformIndependent/Vertex_Coloring/debug/src -iquote../../../Toolbox/PlatformIndependent/Vertex_Coloring/debug/write_graph -iquote../../../Toolbox/PlatformIndependent/Vertex_Coloring/debug/src/.deps -iquote../../../Toolbox/PlatformIndependent/Vertex_Coloring/debug/write_graph/.deps "-I/Sandboxes/Mathieu/Apple/iPhone/build/Ad Hoc Distribution-iphoneos/include" "-I/Sandboxes/Mathieu/Apple/iPhone/build/Mathieu.build/Ad Hoc Distribution-iphoneos/SporadicM24.build/DerivedSources/armv6" "-I/Sandboxes/Mathieu/Apple/iPhone/build/Mathieu.build/Ad Hoc Distribution-iphoneos/SporadicM24.build/DerivedSources" -include /var/folders/BI/BIpn29DAGJW7A0ZHOaCI1U+++TM/-Caches-/com.apple.Xcode.502/SharedPrecompiledHeaders/Mathieu_Prefix-gtghdqnlmcsnvxdmndqqlxjmpout/Mathieu_Prefix.pch -c /Sandboxes/Mathieu/Apple/iPhone/../DeviceIndependent/Classes/HelpView.mm -o "/Sandboxes/Mathieu/Apple/iPhone/build/Mathieu.build/Ad Hoc Distribution-iphoneos/SporadicM24.build/Objects-normal/armv6/HelpView.o"

CompileC "build/Mathieu.build/Ad Hoc Distribution-iphoneos/SporadicM24.build/Objects-normal/armv6/HelpViewController.o" ../DeviceIndependent/Classes/HelpViewController.mm normal armv6 objective-c++ com.apple.compilers.gcc.4_2
    cd /Sandboxes/Mathieu/Apple/iPhone
    setenv LANG en_US.US-ASCII
    setenv PATH "/Developer/Platforms/iPhoneOS.platform/Developer/usr/bin:/Developer/usr/bin:/Users/scott/bin:/opt/local/bin:/usr/bin:/bin:/usr/sbin:/sbin:/usr/local/bin:/usr/X11/bin"
    /Developer/Platforms/iPhoneOS.platform/Developer/usr/bin/gcc-4.2 -x objective-c++ -arch armv6 -fmessage-length=0 -pipe -Wno-trigraphs -fpascal-strings -Os -mdynamic-no-pic -Wreturn-type -Wunused-variable -DMATHIEU_GROUP_PERMUTATION_SIZE=24 -DFREE=0 -isysroot /Developer/Platforms/iPhoneOS.platform/Developer/SDKs/iPhoneOS3.1.2.sdk -fvisibility=hidden -fvisibility-inlines-hidden -gdwarf-2 -mthumb -miphoneos-version-min=3.1.2 -iquote "/Sandboxes/Mathieu/Apple/iPhone/build/Mathieu.build/Ad Hoc Distribution-iphoneos/SporadicM24.build/SporadicM24-generated-files.hmap" "-I/Sandboxes/Mathieu/Apple/iPhone/build/Mathieu.build/Ad Hoc Distribution-iphoneos/SporadicM24.build/SporadicM24-own-target-headers.hmap" "-I/Sandboxes/Mathieu/Apple/iPhone/build/Mathieu.build/Ad Hoc Distribution-iphoneos/SporadicM24.build/SporadicM24-all-target-headers.hmap" -iquote "/Sandboxes/Mathieu/Apple/iPhone/build/Mathieu.build/Ad Hoc Distribution-iphoneos/SporadicM24.build/SporadicM24-project-headers.hmap" "-F/Sandboxes/Mathieu/Apple/iPhone/build/Ad Hoc Distribution-iphoneos" -iquote../../../Toolbox -iquote../../../Toolbox/Apple -iquote../../../Toolbox/CommandLine -iquote../../../Toolbox/Linux -iquote../../../Toolbox/Microsoft -iquote../../../Toolbox/PlatformIndependent -iquote../../../Toolbox/Apple/bin -iquote../../../Toolbox/Apple/Buttons -iquote../../../Toolbox/Apple/Filenames -iquote../../../Toolbox/Apple/Generic -iquote../../../Toolbox/Apple/ObjLisp -iquote../../../Toolbox/Apple/OKCancelAlertView -iquote../../../Toolbox/Apple/OrderedDictionary -iquote../../../Toolbox/Apple/Queue -iquote../../../Toolbox/Apple/SoundEffect -iquote../../../Toolbox/Apple/TransitionView -iquote../../../Toolbox/PlatformIndependent/Filenames -iquote../../../Toolbox/PlatformIndependent/Images -iquote../../../Toolbox/PlatformIndependent/Matrix -iquote../../../Toolbox/PlatformIndependent/Permutation -iquote../../../Toolbox/PlatformIndependent/Vertex_Coloring -iquote../../../Toolbox/PlatformIndependent/zip -iquote../../../Toolbox/Apple/Buttons/Classes -iquote../../../Toolbox/Apple/Buttons/Resources -iquote../../../Toolbox/Apple/Generic/View_and_ViewController -iquote../../../Toolbox/Apple/SoundEffect/Classes -iquote../../../Toolbox/Apple/SoundEffect/Resources -iquote../../../Toolbox/Apple/TransitionView/Classes -iquote../../../Toolbox/Apple/TransitionView/Resources -iquote../../../Toolbox/PlatformIndependent/Vertex_Coloring/autom4te.cache -iquote../../../Toolbox/PlatformIndependent/Vertex_Coloring/debug -iquote../../../Toolbox/PlatformIndependent/Vertex_Coloring/templates -iquote../../../Toolbox/PlatformIndependent/Vertex_Coloring/vertex_coloring -iquote../../../Toolbox/PlatformIndependent/Vertex_Coloring/write_graph -iquote../../../Toolbox/PlatformIndependent/zip/gzstream -iquote../../../Toolbox/PlatformIndependent/zip/zipinput -iquote../../../Toolbox/Apple/Buttons/Resources/Images -iquote../../../Toolbox/PlatformIndependent/Vertex_Coloring/debug/src -iquote../../../Toolbox/PlatformIndependent/Vertex_Coloring/debug/write_graph -iquote../../../Toolbox/PlatformIndependent/Vertex_Coloring/debug/src/.deps -iquote../../../Toolbox/PlatformIndependent/Vertex_Coloring/debug/write_graph/.deps "-I/Sandboxes/Mathieu/Apple/iPhone/build/Ad Hoc Distribution-iphoneos/include" "-I/Sandboxes/Mathieu/Apple/iPhone/build/Mathieu.build/Ad Hoc Distribution-iphoneos/SporadicM24.build/DerivedSources/armv6" "-I/Sandboxes/Mathieu/Apple/iPhone/build/Mathieu.build/Ad Hoc Distribution-iphoneos/SporadicM24.build/DerivedSources" -include /var/folders/BI/BIpn29DAGJW7A0ZHOaCI1U+++TM/-Caches-/com.apple.Xcode.502/SharedPrecompiledHeaders/Mathieu_Prefix-gtghdqnlmcsnvxdmndqqlxjmpout/Mathieu_Prefix.pch -c /Sandboxes/Mathieu/Apple/iPhone/../DeviceIndependent/Classes/HelpViewController.mm -o "/Sandboxes/Mathieu/Apple/iPhone/build/Mathieu.build/Ad Hoc Distribution-iphoneos/SporadicM24.build/Objects-normal/armv6/HelpViewController.o"

CompileC "build/Mathieu.build/Ad Hoc Distribution-iphoneos/SporadicM24.build/Objects-normal/armv6/PreferencesView.o" ../DeviceIndependent/Classes/PreferencesView.mm normal armv6 objective-c++ com.apple.compilers.gcc.4_2
    cd /Sandboxes/Mathieu/Apple/iPhone
    setenv LANG en_US.US-ASCII
    setenv PATH "/Developer/Platforms/iPhoneOS.platform/Developer/usr/bin:/Developer/usr/bin:/Users/scott/bin:/opt/local/bin:/usr/bin:/bin:/usr/sbin:/sbin:/usr/local/bin:/usr/X11/bin"
    /Developer/Platforms/iPhoneOS.platform/Developer/usr/bin/gcc-4.2 -x objective-c++ -arch armv6 -fmessage-length=0 -pipe -Wno-trigraphs -fpascal-strings -Os -mdynamic-no-pic -Wreturn-type -Wunused-variable -DMATHIEU_GROUP_PERMUTATION_SIZE=24 -DFREE=0 -isysroot /Developer/Platforms/iPhoneOS.platform/Developer/SDKs/iPhoneOS3.1.2.sdk -fvisibility=hidden -fvisibility-inlines-hidden -gdwarf-2 -mthumb -miphoneos-version-min=3.1.2 -iquote "/Sandboxes/Mathieu/Apple/iPhone/build/Mathieu.build/Ad Hoc Distribution-iphoneos/SporadicM24.build/SporadicM24-generated-files.hmap" "-I/Sandboxes/Mathieu/Apple/iPhone/build/Mathieu.build/Ad Hoc Distribution-iphoneos/SporadicM24.build/SporadicM24-own-target-headers.hmap" "-I/Sandboxes/Mathieu/Apple/iPhone/build/Mathieu.build/Ad Hoc Distribution-iphoneos/SporadicM24.build/SporadicM24-all-target-headers.hmap" -iquote "/Sandboxes/Mathieu/Apple/iPhone/build/Mathieu.build/Ad Hoc Distribution-iphoneos/SporadicM24.build/SporadicM24-project-headers.hmap" "-F/Sandboxes/Mathieu/Apple/iPhone/build/Ad Hoc Distribution-iphoneos" -iquote../../../Toolbox -iquote../../../Toolbox/Apple -iquote../../../Toolbox/CommandLine -iquote../../../Toolbox/Linux -iquote../../../Toolbox/Microsoft -iquote../../../Toolbox/PlatformIndependent -iquote../../../Toolbox/Apple/bin -iquote../../../Toolbox/Apple/Buttons -iquote../../../Toolbox/Apple/Filenames -iquote../../../Toolbox/Apple/Generic -iquote../../../Toolbox/Apple/ObjLisp -iquote../../../Toolbox/Apple/OKCancelAlertView -iquote../../../Toolbox/Apple/OrderedDictionary -iquote../../../Toolbox/Apple/Queue -iquote../../../Toolbox/Apple/SoundEffect -iquote../../../Toolbox/Apple/TransitionView -iquote../../../Toolbox/PlatformIndependent/Filenames -iquote../../../Toolbox/PlatformIndependent/Images -iquote../../../Toolbox/PlatformIndependent/Matrix -iquote../../../Toolbox/PlatformIndependent/Permutation -iquote../../../Toolbox/PlatformIndependent/Vertex_Coloring -iquote../../../Toolbox/PlatformIndependent/zip -iquote../../../Toolbox/Apple/Buttons/Classes -iquote../../../Toolbox/Apple/Buttons/Resources -iquote../../../Toolbox/Apple/Generic/View_and_ViewController -iquote../../../Toolbox/Apple/SoundEffect/Classes -iquote../../../Toolbox/Apple/SoundEffect/Resources -iquote../../../Toolbox/Apple/TransitionView/Classes -iquote../../../Toolbox/Apple/TransitionView/Resources -iquote../../../Toolbox/PlatformIndependent/Vertex_Coloring/autom4te.cache -iquote../../../Toolbox/PlatformIndependent/Vertex_Coloring/debug -iquote../../../Toolbox/PlatformIndependent/Vertex_Coloring/templates -iquote../../../Toolbox/PlatformIndependent/Vertex_Coloring/vertex_coloring -iquote../../../Toolbox/PlatformIndependent/Vertex_Coloring/write_graph -iquote../../../Toolbox/PlatformIndependent/zip/gzstream -iquote../../../Toolbox/PlatformIndependent/zip/zipinput -iquote../../../Toolbox/Apple/Buttons/Resources/Images -iquote../../../Toolbox/PlatformIndependent/Vertex_Coloring/debug/src -iquote../../../Toolbox/PlatformIndependent/Vertex_Coloring/debug/write_graph -iquote../../../Toolbox/PlatformIndependent/Vertex_Coloring/debug/src/.deps -iquote../../../Toolbox/PlatformIndependent/Vertex_Coloring/debug/write_graph/.deps "-I/Sandboxes/Mathieu/Apple/iPhone/build/Ad Hoc Distribution-iphoneos/include" "-I/Sandboxes/Mathieu/Apple/iPhone/build/Mathieu.build/Ad Hoc Distribution-iphoneos/SporadicM24.build/DerivedSources/armv6" "-I/Sandboxes/Mathieu/Apple/iPhone/build/Mathieu.build/Ad Hoc Distribution-iphoneos/SporadicM24.build/DerivedSources" -include /var/folders/BI/BIpn29DAGJW7A0ZHOaCI1U+++TM/-Caches-/com.apple.Xcode.502/SharedPrecompiledHeaders/Mathieu_Prefix-gtghdqnlmcsnvxdmndqqlxjmpout/Mathieu_Prefix.pch -c /Sandboxes/Mathieu/Apple/iPhone/../DeviceIndependent/Classes/PreferencesView.mm -o "/Sandboxes/Mathieu/Apple/iPhone/build/Mathieu.build/Ad Hoc Distribution-iphoneos/SporadicM24.build/Objects-normal/armv6/PreferencesView.o"

CompileC "build/Mathieu.build/Ad Hoc Distribution-iphoneos/SporadicM24.build/Objects-normal/armv6/PreferencesViewController.o" ../DeviceIndependent/Classes/PreferencesViewController.mm normal armv6 objective-c++ com.apple.compilers.gcc.4_2
    cd /Sandboxes/Mathieu/Apple/iPhone
    setenv LANG en_US.US-ASCII
    setenv PATH "/Developer/Platforms/iPhoneOS.platform/Developer/usr/bin:/Developer/usr/bin:/Users/scott/bin:/opt/local/bin:/usr/bin:/bin:/usr/sbin:/sbin:/usr/local/bin:/usr/X11/bin"
    /Developer/Platforms/iPhoneOS.platform/Developer/usr/bin/gcc-4.2 -x objective-c++ -arch armv6 -fmessage-length=0 -pipe -Wno-trigraphs -fpascal-strings -Os -mdynamic-no-pic -Wreturn-type -Wunused-variable -DMATHIEU_GROUP_PERMUTATION_SIZE=24 -DFREE=0 -isysroot /Developer/Platforms/iPhoneOS.platform/Developer/SDKs/iPhoneOS3.1.2.sdk -fvisibility=hidden -fvisibility-inlines-hidden -gdwarf-2 -mthumb -miphoneos-version-min=3.1.2 -iquote "/Sandboxes/Mathieu/Apple/iPhone/build/Mathieu.build/Ad Hoc Distribution-iphoneos/SporadicM24.build/SporadicM24-generated-files.hmap" "-I/Sandboxes/Mathieu/Apple/iPhone/build/Mathieu.build/Ad Hoc Distribution-iphoneos/SporadicM24.build/SporadicM24-own-target-headers.hmap" "-I/Sandboxes/Mathieu/Apple/iPhone/build/Mathieu.build/Ad Hoc Distribution-iphoneos/SporadicM24.build/SporadicM24-all-target-headers.hmap" -iquote "/Sandboxes/Mathieu/Apple/iPhone/build/Mathieu.build/Ad Hoc Distribution-iphoneos/SporadicM24.build/SporadicM24-project-headers.hmap" "-F/Sandboxes/Mathieu/Apple/iPhone/build/Ad Hoc Distribution-iphoneos" -iquote../../../Toolbox -iquote../../../Toolbox/Apple -iquote../../../Toolbox/CommandLine -iquote../../../Toolbox/Linux -iquote../../../Toolbox/Microsoft -iquote../../../Toolbox/PlatformIndependent -iquote../../../Toolbox/Apple/bin -iquote../../../Toolbox/Apple/Buttons -iquote../../../Toolbox/Apple/Filenames -iquote../../../Toolbox/Apple/Generic -iquote../../../Toolbox/Apple/ObjLisp -iquote../../../Toolbox/Apple/OKCancelAlertView -iquote../../../Toolbox/Apple/OrderedDictionary -iquote../../../Toolbox/Apple/Queue -iquote../../../Toolbox/Apple/SoundEffect -iquote../../../Toolbox/Apple/TransitionView -iquote../../../Toolbox/PlatformIndependent/Filenames -iquote../../../Toolbox/PlatformIndependent/Images -iquote../../../Toolbox/PlatformIndependent/Matrix -iquote../../../Toolbox/PlatformIndependent/Permutation -iquote../../../Toolbox/PlatformIndependent/Vertex_Coloring -iquote../../../Toolbox/PlatformIndependent/zip -iquote../../../Toolbox/Apple/Buttons/Classes -iquote../../../Toolbox/Apple/Buttons/Resources -iquote../../../Toolbox/Apple/Generic/View_and_ViewController -iquote../../../Toolbox/Apple/SoundEffect/Classes -iquote../../../Toolbox/Apple/SoundEffect/Resources -iquote../../../Toolbox/Apple/TransitionView/Classes -iquote../../../Toolbox/Apple/TransitionView/Resources -iquote../../../Toolbox/PlatformIndependent/Vertex_Coloring/autom4te.cache -iquote../../../Toolbox/PlatformIndependent/Vertex_Coloring/debug -iquote../../../Toolbox/PlatformIndependent/Vertex_Coloring/templates -iquote../../../Toolbox/PlatformIndependent/Vertex_Coloring/vertex_coloring -iquote../../../Toolbox/PlatformIndependent/Vertex_Coloring/write_graph -iquote../../../Toolbox/PlatformIndependent/zip/gzstream -iquote../../../Toolbox/PlatformIndependent/zip/zipinput -iquote../../../Toolbox/Apple/Buttons/Resources/Images -iquote../../../Toolbox/PlatformIndependent/Vertex_Coloring/debug/src -iquote../../../Toolbox/PlatformIndependent/Vertex_Coloring/debug/write_graph -iquote../../../Toolbox/PlatformIndependent/Vertex_Coloring/debug/src/.deps -iquote../../../Toolbox/PlatformIndependent/Vertex_Coloring/debug/write_graph/.deps "-I/Sandboxes/Mathieu/Apple/iPhone/build/Ad Hoc Distribution-iphoneos/include" "-I/Sandboxes/Mathieu/Apple/iPhone/build/Mathieu.build/Ad Hoc Distribution-iphoneos/SporadicM24.build/DerivedSources/armv6" "-I/Sandboxes/Mathieu/Apple/iPhone/build/Mathieu.build/Ad Hoc Distribution-iphoneos/SporadicM24.build/DerivedSources" -include /var/folders/BI/BIpn29DAGJW7A0ZHOaCI1U+++TM/-Caches-/com.apple.Xcode.502/SharedPrecompiledHeaders/Mathieu_Prefix-gtghdqnlmcsnvxdmndqqlxjmpout/Mathieu_Prefix.pch -c /Sandboxes/Mathieu/Apple/iPhone/../DeviceIndependent/Classes/PreferencesViewController.mm -o "/Sandboxes/Mathieu/Apple/iPhone/build/Mathieu.build/Ad Hoc Distribution-iphoneos/SporadicM24.build/Objects-normal/armv6/PreferencesViewController.o"

CompileC "build/Mathieu.build/Ad Hoc Distribution-iphoneos/SporadicM24.build/Objects-normal/armv6/RootViewController.o" ../DeviceIndependent/Classes/RootViewController.mm normal armv6 objective-c++ com.apple.compilers.gcc.4_2
    cd /Sandboxes/Mathieu/Apple/iPhone
    setenv LANG en_US.US-ASCII
    setenv PATH "/Developer/Platforms/iPhoneOS.platform/Developer/usr/bin:/Developer/usr/bin:/Users/scott/bin:/opt/local/bin:/usr/bin:/bin:/usr/sbin:/sbin:/usr/local/bin:/usr/X11/bin"
    /Developer/Platforms/iPhoneOS.platform/Developer/usr/bin/gcc-4.2 -x objective-c++ -arch armv6 -fmessage-length=0 -pipe -Wno-trigraphs -fpascal-strings -Os -mdynamic-no-pic -Wreturn-type -Wunused-variable -DMATHIEU_GROUP_PERMUTATION_SIZE=24 -DFREE=0 -isysroot /Developer/Platforms/iPhoneOS.platform/Developer/SDKs/iPhoneOS3.1.2.sdk -fvisibility=hidden -fvisibility-inlines-hidden -gdwarf-2 -mthumb -miphoneos-version-min=3.1.2 -iquote "/Sandboxes/Mathieu/Apple/iPhone/build/Mathieu.build/Ad Hoc Distribution-iphoneos/SporadicM24.build/SporadicM24-generated-files.hmap" "-I/Sandboxes/Mathieu/Apple/iPhone/build/Mathieu.build/Ad Hoc Distribution-iphoneos/SporadicM24.build/SporadicM24-own-target-headers.hmap" "-I/Sandboxes/Mathieu/Apple/iPhone/build/Mathieu.build/Ad Hoc Distribution-iphoneos/SporadicM24.build/SporadicM24-all-target-headers.hmap" -iquote "/Sandboxes/Mathieu/Apple/iPhone/build/Mathieu.build/Ad Hoc Distribution-iphoneos/SporadicM24.build/SporadicM24-project-headers.hmap" "-F/Sandboxes/Mathieu/Apple/iPhone/build/Ad Hoc Distribution-iphoneos" -iquote../../../Toolbox -iquote../../../Toolbox/Apple -iquote../../../Toolbox/CommandLine -iquote../../../Toolbox/Linux -iquote../../../Toolbox/Microsoft -iquote../../../Toolbox/PlatformIndependent -iquote../../../Toolbox/Apple/bin -iquote../../../Toolbox/Apple/Buttons -iquote../../../Toolbox/Apple/Filenames -iquote../../../Toolbox/Apple/Generic -iquote../../../Toolbox/Apple/ObjLisp -iquote../../../Toolbox/Apple/OKCancelAlertView -iquote../../../Toolbox/Apple/OrderedDictionary -iquote../../../Toolbox/Apple/Queue -iquote../../../Toolbox/Apple/SoundEffect -iquote../../../Toolbox/Apple/TransitionView -iquote../../../Toolbox/PlatformIndependent/Filenames -iquote../../../Toolbox/PlatformIndependent/Images -iquote../../../Toolbox/PlatformIndependent/Matrix -iquote../../../Toolbox/PlatformIndependent/Permutation -iquote../../../Toolbox/PlatformIndependent/Vertex_Coloring -iquote../../../Toolbox/PlatformIndependent/zip -iquote../../../Toolbox/Apple/Buttons/Classes -iquote../../../Toolbox/Apple/Buttons/Resources -iquote../../../Toolbox/Apple/Generic/View_and_ViewController -iquote../../../Toolbox/Apple/SoundEffect/Classes -iquote../../../Toolbox/Apple/SoundEffect/Resources -iquote../../../Toolbox/Apple/TransitionView/Classes -iquote../../../Toolbox/Apple/TransitionView/Resources -iquote../../../Toolbox/PlatformIndependent/Vertex_Coloring/autom4te.cache -iquote../../../Toolbox/PlatformIndependent/Vertex_Coloring/debug -iquote../../../Toolbox/PlatformIndependent/Vertex_Coloring/templates -iquote../../../Toolbox/PlatformIndependent/Vertex_Coloring/vertex_coloring -iquote../../../Toolbox/PlatformIndependent/Vertex_Coloring/write_graph -iquote../../../Toolbox/PlatformIndependent/zip/gzstream -iquote../../../Toolbox/PlatformIndependent/zip/zipinput -iquote../../../Toolbox/Apple/Buttons/Resources/Images -iquote../../../Toolbox/PlatformIndependent/Vertex_Coloring/debug/src -iquote../../../Toolbox/PlatformIndependent/Vertex_Coloring/debug/write_graph -iquote../../../Toolbox/PlatformIndependent/Vertex_Coloring/debug/src/.deps -iquote../../../Toolbox/PlatformIndependent/Vertex_Coloring/debug/write_graph/.deps "-I/Sandboxes/Mathieu/Apple/iPhone/build/Ad Hoc Distribution-iphoneos/include" "-I/Sandboxes/Mathieu/Apple/iPhone/build/Mathieu.build/Ad Hoc Distribution-iphoneos/SporadicM24.build/DerivedSources/armv6" "-I/Sandboxes/Mathieu/Apple/iPhone/build/Mathieu.build/Ad Hoc Distribution-iphoneos/SporadicM24.build/DerivedSources" -include /var/folders/BI/BIpn29DAGJW7A0ZHOaCI1U+++TM/-Caches-/com.apple.Xcode.502/SharedPrecompiledHeaders/Mathieu_Prefix-gtghdqnlmcsnvxdmndqqlxjmpout/Mathieu_Prefix.pch -c /Sandboxes/Mathieu/Apple/iPhone/../DeviceIndependent/Classes/RootViewController.mm -o "/Sandboxes/Mathieu/Apple/iPhone/build/Mathieu.build/Ad Hoc Distribution-iphoneos/SporadicM24.build/Objects-normal/armv6/RootViewController.o"

CompileC "build/Mathieu.build/Ad Hoc Distribution-iphoneos/SporadicM24.build/Objects-normal/armv6/SporadicMAppDelegate.o" ../DeviceIndependent/Classes/SporadicMAppDelegate.mm normal armv6 objective-c++ com.apple.compilers.gcc.4_2
    cd /Sandboxes/Mathieu/Apple/iPhone
    setenv LANG en_US.US-ASCII
    setenv PATH "/Developer/Platforms/iPhoneOS.platform/Developer/usr/bin:/Developer/usr/bin:/Users/scott/bin:/opt/local/bin:/usr/bin:/bin:/usr/sbin:/sbin:/usr/local/bin:/usr/X11/bin"
    /Developer/Platforms/iPhoneOS.platform/Developer/usr/bin/gcc-4.2 -x objective-c++ -arch armv6 -fmessage-length=0 -pipe -Wno-trigraphs -fpascal-strings -Os -mdynamic-no-pic -Wreturn-type -Wunused-variable -DMATHIEU_GROUP_PERMUTATION_SIZE=24 -DFREE=0 -isysroot /Developer/Platforms/iPhoneOS.platform/Developer/SDKs/iPhoneOS3.1.2.sdk -fvisibility=hidden -fvisibility-inlines-hidden -gdwarf-2 -mthumb -miphoneos-version-min=3.1.2 -iquote "/Sandboxes/Mathieu/Apple/iPhone/build/Mathieu.build/Ad Hoc Distribution-iphoneos/SporadicM24.build/SporadicM24-generated-files.hmap" "-I/Sandboxes/Mathieu/Apple/iPhone/build/Mathieu.build/Ad Hoc Distribution-iphoneos/SporadicM24.build/SporadicM24-own-target-headers.hmap" "-I/Sandboxes/Mathieu/Apple/iPhone/build/Mathieu.build/Ad Hoc Distribution-iphoneos/SporadicM24.build/SporadicM24-all-target-headers.hmap" -iquote "/Sandboxes/Mathieu/Apple/iPhone/build/Mathieu.build/Ad Hoc Distribution-iphoneos/SporadicM24.build/SporadicM24-project-headers.hmap" "-F/Sandboxes/Mathieu/Apple/iPhone/build/Ad Hoc Distribution-iphoneos" -iquote../../../Toolbox -iquote../../../Toolbox/Apple -iquote../../../Toolbox/CommandLine -iquote../../../Toolbox/Linux -iquote../../../Toolbox/Microsoft -iquote../../../Toolbox/PlatformIndependent -iquote../../../Toolbox/Apple/bin -iquote../../../Toolbox/Apple/Buttons -iquote../../../Toolbox/Apple/Filenames -iquote../../../Toolbox/Apple/Generic -iquote../../../Toolbox/Apple/ObjLisp -iquote../../../Toolbox/Apple/OKCancelAlertView -iquote../../../Toolbox/Apple/OrderedDictionary -iquote../../../Toolbox/Apple/Queue -iquote../../../Toolbox/Apple/SoundEffect -iquote../../../Toolbox/Apple/TransitionView -iquote../../../Toolbox/PlatformIndependent/Filenames -iquote../../../Toolbox/PlatformIndependent/Images -iquote../../../Toolbox/PlatformIndependent/Matrix -iquote../../../Toolbox/PlatformIndependent/Permutation -iquote../../../Toolbox/PlatformIndependent/Vertex_Coloring -iquote../../../Toolbox/PlatformIndependent/zip -iquote../../../Toolbox/Apple/Buttons/Classes -iquote../../../Toolbox/Apple/Buttons/Resources -iquote../../../Toolbox/Apple/Generic/View_and_ViewController -iquote../../../Toolbox/Apple/SoundEffect/Classes -iquote../../../Toolbox/Apple/SoundEffect/Resources -iquote../../../Toolbox/Apple/TransitionView/Classes -iquote../../../Toolbox/Apple/TransitionView/Resources -iquote../../../Toolbox/PlatformIndependent/Vertex_Coloring/autom4te.cache -iquote../../../Toolbox/PlatformIndependent/Vertex_Coloring/debug -iquote../../../Toolbox/PlatformIndependent/Vertex_Coloring/templates -iquote../../../Toolbox/PlatformIndependent/Vertex_Coloring/vertex_coloring -iquote../../../Toolbox/PlatformIndependent/Vertex_Coloring/write_graph -iquote../../../Toolbox/PlatformIndependent/zip/gzstream -iquote../../../Toolbox/PlatformIndependent/zip/zipinput -iquote../../../Toolbox/Apple/Buttons/Resources/Images -iquote../../../Toolbox/PlatformIndependent/Vertex_Coloring/debug/src -iquote../../../Toolbox/PlatformIndependent/Vertex_Coloring/debug/write_graph -iquote../../../Toolbox/PlatformIndependent/Vertex_Coloring/debug/src/.deps -iquote../../../Toolbox/PlatformIndependent/Vertex_Coloring/debug/write_graph/.deps "-I/Sandboxes/Mathieu/Apple/iPhone/build/Ad Hoc Distribution-iphoneos/include" "-I/Sandboxes/Mathieu/Apple/iPhone/build/Mathieu.build/Ad Hoc Distribution-iphoneos/SporadicM24.build/DerivedSources/armv6" "-I/Sandboxes/Mathieu/Apple/iPhone/build/Mathieu.build/Ad Hoc Distribution-iphoneos/SporadicM24.build/DerivedSources" -include /var/folders/BI/BIpn29DAGJW7A0ZHOaCI1U+++TM/-Caches-/com.apple.Xcode.502/SharedPrecompiledHeaders/Mathieu_Prefix-gtghdqnlmcsnvxdmndqqlxjmpout/Mathieu_Prefix.pch -c /Sandboxes/Mathieu/Apple/iPhone/../DeviceIndependent/Classes/SporadicMAppDelegate.mm -o "/Sandboxes/Mathieu/Apple/iPhone/build/Mathieu.build/Ad Hoc Distribution-iphoneos/SporadicM24.build/Objects-normal/armv6/SporadicMAppDelegate.o"

CompileC "build/Mathieu.build/Ad Hoc Distribution-iphoneos/SporadicM24.build/Objects-normal/armv6/SporadicMView.o" ../DeviceIndependent/Classes/SporadicMView.mm normal armv6 objective-c++ com.apple.compilers.gcc.4_2
    cd /Sandboxes/Mathieu/Apple/iPhone
    setenv LANG en_US.US-ASCII
    setenv PATH "/Developer/Platforms/iPhoneOS.platform/Developer/usr/bin:/Developer/usr/bin:/Users/scott/bin:/opt/local/bin:/usr/bin:/bin:/usr/sbin:/sbin:/usr/local/bin:/usr/X11/bin"
    /Developer/Platforms/iPhoneOS.platform/Developer/usr/bin/gcc-4.2 -x objective-c++ -arch armv6 -fmessage-length=0 -pipe -Wno-trigraphs -fpascal-strings -Os -mdynamic-no-pic -Wreturn-type -Wunused-variable -DMATHIEU_GROUP_PERMUTATION_SIZE=24 -DFREE=0 -isysroot /Developer/Platforms/iPhoneOS.platform/Developer/SDKs/iPhoneOS3.1.2.sdk -fvisibility=hidden -fvisibility-inlines-hidden -gdwarf-2 -mthumb -miphoneos-version-min=3.1.2 -iquote "/Sandboxes/Mathieu/Apple/iPhone/build/Mathieu.build/Ad Hoc Distribution-iphoneos/SporadicM24.build/SporadicM24-generated-files.hmap" "-I/Sandboxes/Mathieu/Apple/iPhone/build/Mathieu.build/Ad Hoc Distribution-iphoneos/SporadicM24.build/SporadicM24-own-target-headers.hmap" "-I/Sandboxes/Mathieu/Apple/iPhone/build/Mathieu.build/Ad Hoc Distribution-iphoneos/SporadicM24.build/SporadicM24-all-target-headers.hmap" -iquote "/Sandboxes/Mathieu/Apple/iPhone/build/Mathieu.build/Ad Hoc Distribution-iphoneos/SporadicM24.build/SporadicM24-project-headers.hmap" "-F/Sandboxes/Mathieu/Apple/iPhone/build/Ad Hoc Distribution-iphoneos" -iquote../../../Toolbox -iquote../../../Toolbox/Apple -iquote../../../Toolbox/CommandLine -iquote../../../Toolbox/Linux -iquote../../../Toolbox/Microsoft -iquote../../../Toolbox/PlatformIndependent -iquote../../../Toolbox/Apple/bin -iquote../../../Toolbox/Apple/Buttons -iquote../../../Toolbox/Apple/Filenames -iquote../../../Toolbox/Apple/Generic -iquote../../../Toolbox/Apple/ObjLisp -iquote../../../Toolbox/Apple/OKCancelAlertView -iquote../../../Toolbox/Apple/OrderedDictionary -iquote../../../Toolbox/Apple/Queue -iquote../../../Toolbox/Apple/SoundEffect -iquote../../../Toolbox/Apple/TransitionView -iquote../../../Toolbox/PlatformIndependent/Filenames -iquote../../../Toolbox/PlatformIndependent/Images -iquote../../../Toolbox/PlatformIndependent/Matrix -iquote../../../Toolbox/PlatformIndependent/Permutation -iquote../../../Toolbox/PlatformIndependent/Vertex_Coloring -iquote../../../Toolbox/PlatformIndependent/zip -iquote../../../Toolbox/Apple/Buttons/Classes -iquote../../../Toolbox/Apple/Buttons/Resources -iquote../../../Toolbox/Apple/Generic/View_and_ViewController -iquote../../../Toolbox/Apple/SoundEffect/Classes -iquote../../../Toolbox/Apple/SoundEffect/Resources -iquote../../../Toolbox/Apple/TransitionView/Classes -iquote../../../Toolbox/Apple/TransitionView/Resources -iquote../../../Toolbox/PlatformIndependent/Vertex_Coloring/autom4te.cache -iquote../../../Toolbox/PlatformIndependent/Vertex_Coloring/debug -iquote../../../Toolbox/PlatformIndependent/Vertex_Coloring/templates -iquote../../../Toolbox/PlatformIndependent/Vertex_Coloring/vertex_coloring -iquote../../../Toolbox/PlatformIndependent/Vertex_Coloring/write_graph -iquote../../../Toolbox/PlatformIndependent/zip/gzstream -iquote../../../Toolbox/PlatformIndependent/zip/zipinput -iquote../../../Toolbox/Apple/Buttons/Resources/Images -iquote../../../Toolbox/PlatformIndependent/Vertex_Coloring/debug/src -iquote../../../Toolbox/PlatformIndependent/Vertex_Coloring/debug/write_graph -iquote../../../Toolbox/PlatformIndependent/Vertex_Coloring/debug/src/.deps -iquote../../../Toolbox/PlatformIndependent/Vertex_Coloring/debug/write_graph/.deps "-I/Sandboxes/Mathieu/Apple/iPhone/build/Ad Hoc Distribution-iphoneos/include" "-I/Sandboxes/Mathieu/Apple/iPhone/build/Mathieu.build/Ad Hoc Distribution-iphoneos/SporadicM24.build/DerivedSources/armv6" "-I/Sandboxes/Mathieu/Apple/iPhone/build/Mathieu.build/Ad Hoc Distribution-iphoneos/SporadicM24.build/DerivedSources" -include /var/folders/BI/BIpn29DAGJW7A0ZHOaCI1U+++TM/-Caches-/com.apple.Xcode.502/SharedPrecompiledHeaders/Mathieu_Prefix-gtghdqnlmcsnvxdmndqqlxjmpout/Mathieu_Prefix.pch -c /Sandboxes/Mathieu/Apple/iPhone/../DeviceIndependent/Classes/SporadicMView.mm -o "/Sandboxes/Mathieu/Apple/iPhone/build/Mathieu.build/Ad Hoc Distribution-iphoneos/SporadicM24.build/Objects-normal/armv6/SporadicMView.o"

CompileC "build/Mathieu.build/Ad Hoc Distribution-iphoneos/SporadicM24.build/Objects-normal/armv6/SporadicMViewController.o" ../DeviceIndependent/Classes/SporadicMViewController.mm normal armv6 objective-c++ com.apple.compilers.gcc.4_2
    cd /Sandboxes/Mathieu/Apple/iPhone
    setenv LANG en_US.US-ASCII
    setenv PATH "/Developer/Platforms/iPhoneOS.platform/Developer/usr/bin:/Developer/usr/bin:/Users/scott/bin:/opt/local/bin:/usr/bin:/bin:/usr/sbin:/sbin:/usr/local/bin:/usr/X11/bin"
    /Developer/Platforms/iPhoneOS.platform/Developer/usr/bin/gcc-4.2 -x objective-c++ -arch armv6 -fmessage-length=0 -pipe -Wno-trigraphs -fpascal-strings -Os -mdynamic-no-pic -Wreturn-type -Wunused-variable -DMATHIEU_GROUP_PERMUTATION_SIZE=24 -DFREE=0 -isysroot /Developer/Platforms/iPhoneOS.platform/Developer/SDKs/iPhoneOS3.1.2.sdk -fvisibility=hidden -fvisibility-inlines-hidden -gdwarf-2 -mthumb -miphoneos-version-min=3.1.2 -iquote "/Sandboxes/Mathieu/Apple/iPhone/build/Mathieu.build/Ad Hoc Distribution-iphoneos/SporadicM24.build/SporadicM24-generated-files.hmap" "-I/Sandboxes/Mathieu/Apple/iPhone/build/Mathieu.build/Ad Hoc Distribution-iphoneos/SporadicM24.build/SporadicM24-own-target-headers.hmap" "-I/Sandboxes/Mathieu/Apple/iPhone/build/Mathieu.build/Ad Hoc Distribution-iphoneos/SporadicM24.build/SporadicM24-all-target-headers.hmap" -iquote "/Sandboxes/Mathieu/Apple/iPhone/build/Mathieu.build/Ad Hoc Distribution-iphoneos/SporadicM24.build/SporadicM24-project-headers.hmap" "-F/Sandboxes/Mathieu/Apple/iPhone/build/Ad Hoc Distribution-iphoneos" -iquote../../../Toolbox -iquote../../../Toolbox/Apple -iquote../../../Toolbox/CommandLine -iquote../../../Toolbox/Linux -iquote../../../Toolbox/Microsoft -iquote../../../Toolbox/PlatformIndependent -iquote../../../Toolbox/Apple/bin -iquote../../../Toolbox/Apple/Buttons -iquote../../../Toolbox/Apple/Filenames -iquote../../../Toolbox/Apple/Generic -iquote../../../Toolbox/Apple/ObjLisp -iquote../../../Toolbox/Apple/OKCancelAlertView -iquote../../../Toolbox/Apple/OrderedDictionary -iquote../../../Toolbox/Apple/Queue -iquote../../../Toolbox/Apple/SoundEffect -iquote../../../Toolbox/Apple/TransitionView -iquote../../../Toolbox/PlatformIndependent/Filenames -iquote../../../Toolbox/PlatformIndependent/Images -iquote../../../Toolbox/PlatformIndependent/Matrix -iquote../../../Toolbox/PlatformIndependent/Permutation -iquote../../../Toolbox/PlatformIndependent/Vertex_Coloring -iquote../../../Toolbox/PlatformIndependent/zip -iquote../../../Toolbox/Apple/Buttons/Classes -iquote../../../Toolbox/Apple/Buttons/Resources -iquote../../../Toolbox/Apple/Generic/View_and_ViewController -iquote../../../Toolbox/Apple/SoundEffect/Classes -iquote../../../Toolbox/Apple/SoundEffect/Resources -iquote../../../Toolbox/Apple/TransitionView/Classes -iquote../../../Toolbox/Apple/TransitionView/Resources -iquote../../../Toolbox/PlatformIndependent/Vertex_Coloring/autom4te.cache -iquote../../../Toolbox/PlatformIndependent/Vertex_Coloring/debug -iquote../../../Toolbox/PlatformIndependent/Vertex_Coloring/templates -iquote../../../Toolbox/PlatformIndependent/Vertex_Coloring/vertex_coloring -iquote../../../Toolbox/PlatformIndependent/Vertex_Coloring/write_graph -iquote../../../Toolbox/PlatformIndependent/zip/gzstream -iquote../../../Toolbox/PlatformIndependent/zip/zipinput -iquote../../../Toolbox/Apple/Buttons/Resources/Images -iquote../../../Toolbox/PlatformIndependent/Vertex_Coloring/debug/src -iquote../../../Toolbox/PlatformIndependent/Vertex_Coloring/debug/write_graph -iquote../../../Toolbox/PlatformIndependent/Vertex_Coloring/debug/src/.deps -iquote../../../Toolbox/PlatformIndependent/Vertex_Coloring/debug/write_graph/.deps "-I/Sandboxes/Mathieu/Apple/iPhone/build/Ad Hoc Distribution-iphoneos/include" "-I/Sandboxes/Mathieu/Apple/iPhone/build/Mathieu.build/Ad Hoc Distribution-iphoneos/SporadicM24.build/DerivedSources/armv6" "-I/Sandboxes/Mathieu/Apple/iPhone/build/Mathieu.build/Ad Hoc Distribution-iphoneos/SporadicM24.build/DerivedSources" -include /var/folders/BI/BIpn29DAGJW7A0ZHOaCI1U+++TM/-Caches-/com.apple.Xcode.502/SharedPrecompiledHeaders/Mathieu_Prefix-gtghdqnlmcsnvxdmndqqlxjmpout/Mathieu_Prefix.pch -c /Sandboxes/Mathieu/Apple/iPhone/../DeviceIndependent/Classes/SporadicMViewController.mm -o "/Sandboxes/Mathieu/Apple/iPhone/build/Mathieu.build/Ad Hoc Distribution-iphoneos/SporadicM24.build/Objects-normal/armv6/SporadicMViewController.o"

CompileC "build/Mathieu.build/Ad Hoc Distribution-iphoneos/SporadicM24.build/Objects-normal/armv6/SwapPermutationsView.o" ../DeviceIndependent/Classes/SwapPermutationsView.mm normal armv6 objective-c++ com.apple.compilers.gcc.4_2
    cd /Sandboxes/Mathieu/Apple/iPhone
    setenv LANG en_US.US-ASCII
    setenv PATH "/Developer/Platforms/iPhoneOS.platform/Developer/usr/bin:/Developer/usr/bin:/Users/scott/bin:/opt/local/bin:/usr/bin:/bin:/usr/sbin:/sbin:/usr/local/bin:/usr/X11/bin"
    /Developer/Platforms/iPhoneOS.platform/Developer/usr/bin/gcc-4.2 -x objective-c++ -arch armv6 -fmessage-length=0 -pipe -Wno-trigraphs -fpascal-strings -Os -mdynamic-no-pic -Wreturn-type -Wunused-variable -DMATHIEU_GROUP_PERMUTATION_SIZE=24 -DFREE=0 -isysroot /Developer/Platforms/iPhoneOS.platform/Developer/SDKs/iPhoneOS3.1.2.sdk -fvisibility=hidden -fvisibility-inlines-hidden -gdwarf-2 -mthumb -miphoneos-version-min=3.1.2 -iquote "/Sandboxes/Mathieu/Apple/iPhone/build/Mathieu.build/Ad Hoc Distribution-iphoneos/SporadicM24.build/SporadicM24-generated-files.hmap" "-I/Sandboxes/Mathieu/Apple/iPhone/build/Mathieu.build/Ad Hoc Distribution-iphoneos/SporadicM24.build/SporadicM24-own-target-headers.hmap" "-I/Sandboxes/Mathieu/Apple/iPhone/build/Mathieu.build/Ad Hoc Distribution-iphoneos/SporadicM24.build/SporadicM24-all-target-headers.hmap" -iquote "/Sandboxes/Mathieu/Apple/iPhone/build/Mathieu.build/Ad Hoc Distribution-iphoneos/SporadicM24.build/SporadicM24-project-headers.hmap" "-F/Sandboxes/Mathieu/Apple/iPhone/build/Ad Hoc Distribution-iphoneos" -iquote../../../Toolbox -iquote../../../Toolbox/Apple -iquote../../../Toolbox/CommandLine -iquote../../../Toolbox/Linux -iquote../../../Toolbox/Microsoft -iquote../../../Toolbox/PlatformIndependent -iquote../../../Toolbox/Apple/bin -iquote../../../Toolbox/Apple/Buttons -iquote../../../Toolbox/Apple/Filenames -iquote../../../Toolbox/Apple/Generic -iquote../../../Toolbox/Apple/ObjLisp -iquote../../../Toolbox/Apple/OKCancelAlertView -iquote../../../Toolbox/Apple/OrderedDictionary -iquote../../../Toolbox/Apple/Queue -iquote../../../Toolbox/Apple/SoundEffect -iquote../../../Toolbox/Apple/TransitionView -iquote../../../Toolbox/PlatformIndependent/Filenames -iquote../../../Toolbox/PlatformIndependent/Images -iquote../../../Toolbox/PlatformIndependent/Matrix -iquote../../../Toolbox/PlatformIndependent/Permutation -iquote../../../Toolbox/PlatformIndependent/Vertex_Coloring -iquote../../../Toolbox/PlatformIndependent/zip -iquote../../../Toolbox/Apple/Buttons/Classes -iquote../../../Toolbox/Apple/Buttons/Resources -iquote../../../Toolbox/Apple/Generic/View_and_ViewController -iquote../../../Toolbox/Apple/SoundEffect/Classes -iquote../../../Toolbox/Apple/SoundEffect/Resources -iquote../../../Toolbox/Apple/TransitionView/Classes -iquote../../../Toolbox/Apple/TransitionView/Resources -iquote../../../Toolbox/PlatformIndependent/Vertex_Coloring/autom4te.cache -iquote../../../Toolbox/PlatformIndependent/Vertex_Coloring/debug -iquote../../../Toolbox/PlatformIndependent/Vertex_Coloring/templates -iquote../../../Toolbox/PlatformIndependent/Vertex_Coloring/vertex_coloring -iquote../../../Toolbox/PlatformIndependent/Vertex_Coloring/write_graph -iquote../../../Toolbox/PlatformIndependent/zip/gzstream -iquote../../../Toolbox/PlatformIndependent/zip/zipinput -iquote../../../Toolbox/Apple/Buttons/Resources/Images -iquote../../../Toolbox/PlatformIndependent/Vertex_Coloring/debug/src -iquote../../../Toolbox/PlatformIndependent/Vertex_Coloring/debug/write_graph -iquote../../../Toolbox/PlatformIndependent/Vertex_Coloring/debug/src/.deps -iquote../../../Toolbox/PlatformIndependent/Vertex_Coloring/debug/write_graph/.deps "-I/Sandboxes/Mathieu/Apple/iPhone/build/Ad Hoc Distribution-iphoneos/include" "-I/Sandboxes/Mathieu/Apple/iPhone/build/Mathieu.build/Ad Hoc Distribution-iphoneos/SporadicM24.build/DerivedSources/armv6" "-I/Sandboxes/Mathieu/Apple/iPhone/build/Mathieu.build/Ad Hoc Distribution-iphoneos/SporadicM24.build/DerivedSources" -include /var/folders/BI/BIpn29DAGJW7A0ZHOaCI1U+++TM/-Caches-/com.apple.Xcode.502/SharedPrecompiledHeaders/Mathieu_Prefix-gtghdqnlmcsnvxdmndqqlxjmpout/Mathieu_Prefix.pch -c /Sandboxes/Mathieu/Apple/iPhone/../DeviceIndependent/Classes/SwapPermutationsView.mm -o "/Sandboxes/Mathieu/Apple/iPhone/build/Mathieu.build/Ad Hoc Distribution-iphoneos/SporadicM24.build/Objects-normal/armv6/SwapPermutationsView.o"

CompileC "build/Mathieu.build/Ad Hoc Distribution-iphoneos/SporadicM24.build/Objects-normal/armv6/SwapPermutationsViewController.o" ../DeviceIndependent/Classes/SwapPermutationsViewController.mm normal armv6 objective-c++ com.apple.compilers.gcc.4_2
    cd /Sandboxes/Mathieu/Apple/iPhone
    setenv LANG en_US.US-ASCII
    setenv PATH "/Developer/Platforms/iPhoneOS.platform/Developer/usr/bin:/Developer/usr/bin:/Users/scott/bin:/opt/local/bin:/usr/bin:/bin:/usr/sbin:/sbin:/usr/local/bin:/usr/X11/bin"
    /Developer/Platforms/iPhoneOS.platform/Developer/usr/bin/gcc-4.2 -x objective-c++ -arch armv6 -fmessage-length=0 -pipe -Wno-trigraphs -fpascal-strings -Os -mdynamic-no-pic -Wreturn-type -Wunused-variable -DMATHIEU_GROUP_PERMUTATION_SIZE=24 -DFREE=0 -isysroot /Developer/Platforms/iPhoneOS.platform/Developer/SDKs/iPhoneOS3.1.2.sdk -fvisibility=hidden -fvisibility-inlines-hidden -gdwarf-2 -mthumb -miphoneos-version-min=3.1.2 -iquote "/Sandboxes/Mathieu/Apple/iPhone/build/Mathieu.build/Ad Hoc Distribution-iphoneos/SporadicM24.build/SporadicM24-generated-files.hmap" "-I/Sandboxes/Mathieu/Apple/iPhone/build/Mathieu.build/Ad Hoc Distribution-iphoneos/SporadicM24.build/SporadicM24-own-target-headers.hmap" "-I/Sandboxes/Mathieu/Apple/iPhone/build/Mathieu.build/Ad Hoc Distribution-iphoneos/SporadicM24.build/SporadicM24-all-target-headers.hmap" -iquote "/Sandboxes/Mathieu/Apple/iPhone/build/Mathieu.build/Ad Hoc Distribution-iphoneos/SporadicM24.build/SporadicM24-project-headers.hmap" "-F/Sandboxes/Mathieu/Apple/iPhone/build/Ad Hoc Distribution-iphoneos" -iquote../../../Toolbox -iquote../../../Toolbox/Apple -iquote../../../Toolbox/CommandLine -iquote../../../Toolbox/Linux -iquote../../../Toolbox/Microsoft -iquote../../../Toolbox/PlatformIndependent -iquote../../../Toolbox/Apple/bin -iquote../../../Toolbox/Apple/Buttons -iquote../../../Toolbox/Apple/Filenames -iquote../../../Toolbox/Apple/Generic -iquote../../../Toolbox/Apple/ObjLisp -iquote../../../Toolbox/Apple/OKCancelAlertView -iquote../../../Toolbox/Apple/OrderedDictionary -iquote../../../Toolbox/Apple/Queue -iquote../../../Toolbox/Apple/SoundEffect -iquote../../../Toolbox/Apple/TransitionView -iquote../../../Toolbox/PlatformIndependent/Filenames -iquote../../../Toolbox/PlatformIndependent/Images -iquote../../../Toolbox/PlatformIndependent/Matrix -iquote../../../Toolbox/PlatformIndependent/Permutation -iquote../../../Toolbox/PlatformIndependent/Vertex_Coloring -iquote../../../Toolbox/PlatformIndependent/zip -iquote../../../Toolbox/Apple/Buttons/Classes -iquote../../../Toolbox/Apple/Buttons/Resources -iquote../../../Toolbox/Apple/Generic/View_and_ViewController -iquote../../../Toolbox/Apple/SoundEffect/Classes -iquote../../../Toolbox/Apple/SoundEffect/Resources -iquote../../../Toolbox/Apple/TransitionView/Classes -iquote../../../Toolbox/Apple/TransitionView/Resources -iquote../../../Toolbox/PlatformIndependent/Vertex_Coloring/autom4te.cache -iquote../../../Toolbox/PlatformIndependent/Vertex_Coloring/debug -iquote../../../Toolbox/PlatformIndependent/Vertex_Coloring/templates -iquote../../../Toolbox/PlatformIndependent/Vertex_Coloring/vertex_coloring -iquote../../../Toolbox/PlatformIndependent/Vertex_Coloring/write_graph -iquote../../../Toolbox/PlatformIndependent/zip/gzstream -iquote../../../Toolbox/PlatformIndependent/zip/zipinput -iquote../../../Toolbox/Apple/Buttons/Resources/Images -iquote../../../Toolbox/PlatformIndependent/Vertex_Coloring/debug/src -iquote../../../Toolbox/PlatformIndependent/Vertex_Coloring/debug/write_graph -iquote../../../Toolbox/PlatformIndependent/Vertex_Coloring/debug/src/.deps -iquote../../../Toolbox/PlatformIndependent/Vertex_Coloring/debug/write_graph/.deps "-I/Sandboxes/Mathieu/Apple/iPhone/build/Ad Hoc Distribution-iphoneos/include" "-I/Sandboxes/Mathieu/Apple/iPhone/build/Mathieu.build/Ad Hoc Distribution-iphoneos/SporadicM24.build/DerivedSources/armv6" "-I/Sandboxes/Mathieu/Apple/iPhone/build/Mathieu.build/Ad Hoc Distribution-iphoneos/SporadicM24.build/DerivedSources" -include /var/folders/BI/BIpn29DAGJW7A0ZHOaCI1U+++TM/-Caches-/com.apple.Xcode.502/SharedPrecompiledHeaders/Mathieu_Prefix-gtghdqnlmcsnvxdmndqqlxjmpout/Mathieu_Prefix.pch -c /Sandboxes/Mathieu/Apple/iPhone/../DeviceIndependent/Classes/SwapPermutationsViewController.mm -o "/Sandboxes/Mathieu/Apple/iPhone/build/Mathieu.build/Ad Hoc Distribution-iphoneos/SporadicM24.build/Objects-normal/armv6/SwapPermutationsViewController.o"

CompileC "build/Mathieu.build/Ad Hoc Distribution-iphoneos/SporadicM24.build/Objects-normal/armv6/main.o" ../iPhone/main.mm normal armv6 objective-c++ com.apple.compilers.gcc.4_2
    cd /Sandboxes/Mathieu/Apple/iPhone
    setenv LANG en_US.US-ASCII
    setenv PATH "/Developer/Platforms/iPhoneOS.platform/Developer/usr/bin:/Developer/usr/bin:/Users/scott/bin:/opt/local/bin:/usr/bin:/bin:/usr/sbin:/sbin:/usr/local/bin:/usr/X11/bin"
    /Developer/Platforms/iPhoneOS.platform/Developer/usr/bin/gcc-4.2 -x objective-c++ -arch armv6 -fmessage-length=0 -pipe -Wno-trigraphs -fpascal-strings -Os -mdynamic-no-pic -Wreturn-type -Wunused-variable -DMATHIEU_GROUP_PERMUTATION_SIZE=24 -DFREE=0 -isysroot /Developer/Platforms/iPhoneOS.platform/Developer/SDKs/iPhoneOS3.1.2.sdk -fvisibility=hidden -fvisibility-inlines-hidden -gdwarf-2 -mthumb -miphoneos-version-min=3.1.2 -iquote "/Sandboxes/Mathieu/Apple/iPhone/build/Mathieu.build/Ad Hoc Distribution-iphoneos/SporadicM24.build/SporadicM24-generated-files.hmap" "-I/Sandboxes/Mathieu/Apple/iPhone/build/Mathieu.build/Ad Hoc Distribution-iphoneos/SporadicM24.build/SporadicM24-own-target-headers.hmap" "-I/Sandboxes/Mathieu/Apple/iPhone/build/Mathieu.build/Ad Hoc Distribution-iphoneos/SporadicM24.build/SporadicM24-all-target-headers.hmap" -iquote "/Sandboxes/Mathieu/Apple/iPhone/build/Mathieu.build/Ad Hoc Distribution-iphoneos/SporadicM24.build/SporadicM24-project-headers.hmap" "-F/Sandboxes/Mathieu/Apple/iPhone/build/Ad Hoc Distribution-iphoneos" -iquote../../../Toolbox -iquote../../../Toolbox/Apple -iquote../../../Toolbox/CommandLine -iquote../../../Toolbox/Linux -iquote../../../Toolbox/Microsoft -iquote../../../Toolbox/PlatformIndependent -iquote../../../Toolbox/Apple/bin -iquote../../../Toolbox/Apple/Buttons -iquote../../../Toolbox/Apple/Filenames -iquote../../../Toolbox/Apple/Generic -iquote../../../Toolbox/Apple/ObjLisp -iquote../../../Toolbox/Apple/OKCancelAlertView -iquote../../../Toolbox/Apple/OrderedDictionary -iquote../../../Toolbox/Apple/Queue -iquote../../../Toolbox/Apple/SoundEffect -iquote../../../Toolbox/Apple/TransitionView -iquote../../../Toolbox/PlatformIndependent/Filenames -iquote../../../Toolbox/PlatformIndependent/Images -iquote../../../Toolbox/PlatformIndependent/Matrix -iquote../../../Toolbox/PlatformIndependent/Permutation -iquote../../../Toolbox/PlatformIndependent/Vertex_Coloring -iquote../../../Toolbox/PlatformIndependent/zip -iquote../../../Toolbox/Apple/Buttons/Classes -iquote../../../Toolbox/Apple/Buttons/Resources -iquote../../../Toolbox/Apple/Generic/View_and_ViewController -iquote../../../Toolbox/Apple/SoundEffect/Classes -iquote../../../Toolbox/Apple/SoundEffect/Resources -iquote../../../Toolbox/Apple/TransitionView/Classes -iquote../../../Toolbox/Apple/TransitionView/Resources -iquote../../../Toolbox/PlatformIndependent/Vertex_Coloring/autom4te.cache -iquote../../../Toolbox/PlatformIndependent/Vertex_Coloring/debug -iquote../../../Toolbox/PlatformIndependent/Vertex_Coloring/templates -iquote../../../Toolbox/PlatformIndependent/Vertex_Coloring/vertex_coloring -iquote../../../Toolbox/PlatformIndependent/Vertex_Coloring/write_graph -iquote../../../Toolbox/PlatformIndependent/zip/gzstream -iquote../../../Toolbox/PlatformIndependent/zip/zipinput -iquote../../../Toolbox/Apple/Buttons/Resources/Images -iquote../../../Toolbox/PlatformIndependent/Vertex_Coloring/debug/src -iquote../../../Toolbox/PlatformIndependent/Vertex_Coloring/debug/write_graph -iquote../../../Toolbox/PlatformIndependent/Vertex_Coloring/debug/src/.deps -iquote../../../Toolbox/PlatformIndependent/Vertex_Coloring/debug/write_graph/.deps "-I/Sandboxes/Mathieu/Apple/iPhone/build/Ad Hoc Distribution-iphoneos/include" "-I/Sandboxes/Mathieu/Apple/iPhone/build/Mathieu.build/Ad Hoc Distribution-iphoneos/SporadicM24.build/DerivedSources/armv6" "-I/Sandboxes/Mathieu/Apple/iPhone/build/Mathieu.build/Ad Hoc Distribution-iphoneos/SporadicM24.build/DerivedSources" -include /var/folders/BI/BIpn29DAGJW7A0ZHOaCI1U+++TM/-Caches-/com.apple.Xcode.502/SharedPrecompiledHeaders/Mathieu_Prefix-gtghdqnlmcsnvxdmndqqlxjmpout/Mathieu_Prefix.pch -c /Sandboxes/Mathieu/Apple/iPhone/../iPhone/main.mm -o "/Sandboxes/Mathieu/Apple/iPhone/build/Mathieu.build/Ad Hoc Distribution-iphoneos/SporadicM24.build/Objects-normal/armv6/main.o"

CompileC "build/Mathieu.build/Ad Hoc Distribution-iphoneos/SporadicM24.build/Objects-normal/armv6/DualActionButton.o" ../../../Toolbox/Apple/Buttons/Classes/DualActionButton.m normal armv6 objective-c com.apple.compilers.gcc.4_2
    cd /Sandboxes/Mathieu/Apple/iPhone
    setenv LANG en_US.US-ASCII
    setenv PATH "/Developer/Platforms/iPhoneOS.platform/Developer/usr/bin:/Developer/usr/bin:/Users/scott/bin:/opt/local/bin:/usr/bin:/bin:/usr/sbin:/sbin:/usr/local/bin:/usr/X11/bin"
    /Developer/Platforms/iPhoneOS.platform/Developer/usr/bin/gcc-4.2 -x objective-c -arch armv6 -fmessage-length=0 -pipe -std=c99 -Wno-trigraphs -fpascal-strings -Os -mdynamic-no-pic -Wreturn-type -Wunused-variable -DMATHIEU_GROUP_PERMUTATION_SIZE=24 -DFREE=0 -isysroot /Developer/Platforms/iPhoneOS.platform/Developer/SDKs/iPhoneOS3.1.2.sdk -fvisibility=hidden -gdwarf-2 -mthumb -miphoneos-version-min=3.1.2 -iquote "/Sandboxes/Mathieu/Apple/iPhone/build/Mathieu.build/Ad Hoc Distribution-iphoneos/SporadicM24.build/SporadicM24-generated-files.hmap" "-I/Sandboxes/Mathieu/Apple/iPhone/build/Mathieu.build/Ad Hoc Distribution-iphoneos/SporadicM24.build/SporadicM24-own-target-headers.hmap" "-I/Sandboxes/Mathieu/Apple/iPhone/build/Mathieu.build/Ad Hoc Distribution-iphoneos/SporadicM24.build/SporadicM24-all-target-headers.hmap" -iquote "/Sandboxes/Mathieu/Apple/iPhone/build/Mathieu.build/Ad Hoc Distribution-iphoneos/SporadicM24.build/SporadicM24-project-headers.hmap" "-F/Sandboxes/Mathieu/Apple/iPhone/build/Ad Hoc Distribution-iphoneos" -iquote../../../Toolbox -iquote../../../Toolbox/Apple -iquote../../../Toolbox/CommandLine -iquote../../../Toolbox/Linux -iquote../../../Toolbox/Microsoft -iquote../../../Toolbox/PlatformIndependent -iquote../../../Toolbox/Apple/bin -iquote../../../Toolbox/Apple/Buttons -iquote../../../Toolbox/Apple/Filenames -iquote../../../Toolbox/Apple/Generic -iquote../../../Toolbox/Apple/ObjLisp -iquote../../../Toolbox/Apple/OKCancelAlertView -iquote../../../Toolbox/Apple/OrderedDictionary -iquote../../../Toolbox/Apple/Queue -iquote../../../Toolbox/Apple/SoundEffect -iquote../../../Toolbox/Apple/TransitionView -iquote../../../Toolbox/PlatformIndependent/Filenames -iquote../../../Toolbox/PlatformIndependent/Images -iquote../../../Toolbox/PlatformIndependent/Matrix -iquote../../../Toolbox/PlatformIndependent/Permutation -iquote../../../Toolbox/PlatformIndependent/Vertex_Coloring -iquote../../../Toolbox/PlatformIndependent/zip -iquote../../../Toolbox/Apple/Buttons/Classes -iquote../../../Toolbox/Apple/Buttons/Resources -iquote../../../Toolbox/Apple/Generic/View_and_ViewController -iquote../../../Toolbox/Apple/SoundEffect/Classes -iquote../../../Toolbox/Apple/SoundEffect/Resources -iquote../../../Toolbox/Apple/TransitionView/Classes -iquote../../../Toolbox/Apple/TransitionView/Resources -iquote../../../Toolbox/PlatformIndependent/Vertex_Coloring/autom4te.cache -iquote../../../Toolbox/PlatformIndependent/Vertex_Coloring/debug -iquote../../../Toolbox/PlatformIndependent/Vertex_Coloring/templates -iquote../../../Toolbox/PlatformIndependent/Vertex_Coloring/vertex_coloring -iquote../../../Toolbox/PlatformIndependent/Vertex_Coloring/write_graph -iquote../../../Toolbox/PlatformIndependent/zip/gzstream -iquote../../../Toolbox/PlatformIndependent/zip/zipinput -iquote../../../Toolbox/Apple/Buttons/Resources/Images -iquote../../../Toolbox/PlatformIndependent/Vertex_Coloring/debug/src -iquote../../../Toolbox/PlatformIndependent/Vertex_Coloring/debug/write_graph -iquote../../../Toolbox/PlatformIndependent/Vertex_Coloring/debug/src/.deps -iquote../../../Toolbox/PlatformIndependent/Vertex_Coloring/debug/write_graph/.deps "-I/Sandboxes/Mathieu/Apple/iPhone/build/Ad Hoc Distribution-iphoneos/include" "-I/Sandboxes/Mathieu/Apple/iPhone/build/Mathieu.build/Ad Hoc Distribution-iphoneos/SporadicM24.build/DerivedSources/armv6" "-I/Sandboxes/Mathieu/Apple/iPhone/build/Mathieu.build/Ad Hoc Distribution-iphoneos/SporadicM24.build/DerivedSources" -include /var/folders/BI/BIpn29DAGJW7A0ZHOaCI1U+++TM/-Caches-/com.apple.Xcode.502/SharedPrecompiledHeaders/Mathieu_Prefix-aihowzuqrqkkxfachesciulmqexm/Mathieu_Prefix.pch -c /Sandboxes/Mathieu/Apple/iPhone/../../../Toolbox/Apple/Buttons/Classes/DualActionButton.m -o "/Sandboxes/Mathieu/Apple/iPhone/build/Mathieu.build/Ad Hoc Distribution-iphoneos/SporadicM24.build/Objects-normal/armv6/DualActionButton.o"

CompileC "build/Mathieu.build/Ad Hoc Distribution-iphoneos/SporadicM24.build/Objects-normal/armv6/SimpleButton.o" ../../../Toolbox/Apple/Buttons/Classes/SimpleButton.m normal armv6 objective-c com.apple.compilers.gcc.4_2
    cd /Sandboxes/Mathieu/Apple/iPhone
    setenv LANG en_US.US-ASCII
    setenv PATH "/Developer/Platforms/iPhoneOS.platform/Developer/usr/bin:/Developer/usr/bin:/Users/scott/bin:/opt/local/bin:/usr/bin:/bin:/usr/sbin:/sbin:/usr/local/bin:/usr/X11/bin"
    /Developer/Platforms/iPhoneOS.platform/Developer/usr/bin/gcc-4.2 -x objective-c -arch armv6 -fmessage-length=0 -pipe -std=c99 -Wno-trigraphs -fpascal-strings -Os -mdynamic-no-pic -Wreturn-type -Wunused-variable -DMATHIEU_GROUP_PERMUTATION_SIZE=24 -DFREE=0 -isysroot /Developer/Platforms/iPhoneOS.platform/Developer/SDKs/iPhoneOS3.1.2.sdk -fvisibility=hidden -gdwarf-2 -mthumb -miphoneos-version-min=3.1.2 -iquote "/Sandboxes/Mathieu/Apple/iPhone/build/Mathieu.build/Ad Hoc Distribution-iphoneos/SporadicM24.build/SporadicM24-generated-files.hmap" "-I/Sandboxes/Mathieu/Apple/iPhone/build/Mathieu.build/Ad Hoc Distribution-iphoneos/SporadicM24.build/SporadicM24-own-target-headers.hmap" "-I/Sandboxes/Mathieu/Apple/iPhone/build/Mathieu.build/Ad Hoc Distribution-iphoneos/SporadicM24.build/SporadicM24-all-target-headers.hmap" -iquote "/Sandboxes/Mathieu/Apple/iPhone/build/Mathieu.build/Ad Hoc Distribution-iphoneos/SporadicM24.build/SporadicM24-project-headers.hmap" "-F/Sandboxes/Mathieu/Apple/iPhone/build/Ad Hoc Distribution-iphoneos" -iquote../../../Toolbox -iquote../../../Toolbox/Apple -iquote../../../Toolbox/CommandLine -iquote../../../Toolbox/Linux -iquote../../../Toolbox/Microsoft -iquote../../../Toolbox/PlatformIndependent -iquote../../../Toolbox/Apple/bin -iquote../../../Toolbox/Apple/Buttons -iquote../../../Toolbox/Apple/Filenames -iquote../../../Toolbox/Apple/Generic -iquote../../../Toolbox/Apple/ObjLisp -iquote../../../Toolbox/Apple/OKCancelAlertView -iquote../../../Toolbox/Apple/OrderedDictionary -iquote../../../Toolbox/Apple/Queue -iquote../../../Toolbox/Apple/SoundEffect -iquote../../../Toolbox/Apple/TransitionView -iquote../../../Toolbox/PlatformIndependent/Filenames -iquote../../../Toolbox/PlatformIndependent/Images -iquote../../../Toolbox/PlatformIndependent/Matrix -iquote../../../Toolbox/PlatformIndependent/Permutation -iquote../../../Toolbox/PlatformIndependent/Vertex_Coloring -iquote../../../Toolbox/PlatformIndependent/zip -iquote../../../Toolbox/Apple/Buttons/Classes -iquote../../../Toolbox/Apple/Buttons/Resources -iquote../../../Toolbox/Apple/Generic/View_and_ViewController -iquote../../../Toolbox/Apple/SoundEffect/Classes -iquote../../../Toolbox/Apple/SoundEffect/Resources -iquote../../../Toolbox/Apple/TransitionView/Classes -iquote../../../Toolbox/Apple/TransitionView/Resources -iquote../../../Toolbox/PlatformIndependent/Vertex_Coloring/autom4te.cache -iquote../../../Toolbox/PlatformIndependent/Vertex_Coloring/debug -iquote../../../Toolbox/PlatformIndependent/Vertex_Coloring/templates -iquote../../../Toolbox/PlatformIndependent/Vertex_Coloring/vertex_coloring -iquote../../../Toolbox/PlatformIndependent/Vertex_Coloring/write_graph -iquote../../../Toolbox/PlatformIndependent/zip/gzstream -iquote../../../Toolbox/PlatformIndependent/zip/zipinput -iquote../../../Toolbox/Apple/Buttons/Resources/Images -iquote../../../Toolbox/PlatformIndependent/Vertex_Coloring/debug/src -iquote../../../Toolbox/PlatformIndependent/Vertex_Coloring/debug/write_graph -iquote../../../Toolbox/PlatformIndependent/Vertex_Coloring/debug/src/.deps -iquote../../../Toolbox/PlatformIndependent/Vertex_Coloring/debug/write_graph/.deps "-I/Sandboxes/Mathieu/Apple/iPhone/build/Ad Hoc Distribution-iphoneos/include" "-I/Sandboxes/Mathieu/Apple/iPhone/build/Mathieu.build/Ad Hoc Distribution-iphoneos/SporadicM24.build/DerivedSources/armv6" "-I/Sandboxes/Mathieu/Apple/iPhone/build/Mathieu.build/Ad Hoc Distribution-iphoneos/SporadicM24.build/DerivedSources" -include /var/folders/BI/BIpn29DAGJW7A0ZHOaCI1U+++TM/-Caches-/com.apple.Xcode.502/SharedPrecompiledHeaders/Mathieu_Prefix-aihowzuqrqkkxfachesciulmqexm/Mathieu_Prefix.pch -c /Sandboxes/Mathieu/Apple/iPhone/../../../Toolbox/Apple/Buttons/Classes/SimpleButton.m -o "/Sandboxes/Mathieu/Apple/iPhone/build/Mathieu.build/Ad Hoc Distribution-iphoneos/SporadicM24.build/Objects-normal/armv6/SimpleButton.o"

CompileC "build/Mathieu.build/Ad Hoc Distribution-iphoneos/SporadicM24.build/Objects-normal/armv6/SoundEffect.o" ../../../Toolbox/Apple/SoundEffect/Classes/SoundEffect.m normal armv6 objective-c com.apple.compilers.gcc.4_2
    cd /Sandboxes/Mathieu/Apple/iPhone
    setenv LANG en_US.US-ASCII
    setenv PATH "/Developer/Platforms/iPhoneOS.platform/Developer/usr/bin:/Developer/usr/bin:/Users/scott/bin:/opt/local/bin:/usr/bin:/bin:/usr/sbin:/sbin:/usr/local/bin:/usr/X11/bin"
    /Developer/Platforms/iPhoneOS.platform/Developer/usr/bin/gcc-4.2 -x objective-c -arch armv6 -fmessage-length=0 -pipe -std=c99 -Wno-trigraphs -fpascal-strings -Os -mdynamic-no-pic -Wreturn-type -Wunused-variable -DMATHIEU_GROUP_PERMUTATION_SIZE=24 -DFREE=0 -isysroot /Developer/Platforms/iPhoneOS.platform/Developer/SDKs/iPhoneOS3.1.2.sdk -fvisibility=hidden -gdwarf-2 -mthumb -miphoneos-version-min=3.1.2 -iquote "/Sandboxes/Mathieu/Apple/iPhone/build/Mathieu.build/Ad Hoc Distribution-iphoneos/SporadicM24.build/SporadicM24-generated-files.hmap" "-I/Sandboxes/Mathieu/Apple/iPhone/build/Mathieu.build/Ad Hoc Distribution-iphoneos/SporadicM24.build/SporadicM24-own-target-headers.hmap" "-I/Sandboxes/Mathieu/Apple/iPhone/build/Mathieu.build/Ad Hoc Distribution-iphoneos/SporadicM24.build/SporadicM24-all-target-headers.hmap" -iquote "/Sandboxes/Mathieu/Apple/iPhone/build/Mathieu.build/Ad Hoc Distribution-iphoneos/SporadicM24.build/SporadicM24-project-headers.hmap" "-F/Sandboxes/Mathieu/Apple/iPhone/build/Ad Hoc Distribution-iphoneos" -iquote../../../Toolbox -iquote../../../Toolbox/Apple -iquote../../../Toolbox/CommandLine -iquote../../../Toolbox/Linux -iquote../../../Toolbox/Microsoft -iquote../../../Toolbox/PlatformIndependent -iquote../../../Toolbox/Apple/bin -iquote../../../Toolbox/Apple/Buttons -iquote../../../Toolbox/Apple/Filenames -iquote../../../Toolbox/Apple/Generic -iquote../../../Toolbox/Apple/ObjLisp -iquote../../../Toolbox/Apple/OKCancelAlertView -iquote../../../Toolbox/Apple/OrderedDictionary -iquote../../../Toolbox/Apple/Queue -iquote../../../Toolbox/Apple/SoundEffect -iquote../../../Toolbox/Apple/TransitionView -iquote../../../Toolbox/PlatformIndependent/Filenames -iquote../../../Toolbox/PlatformIndependent/Images -iquote../../../Toolbox/PlatformIndependent/Matrix -iquote../../../Toolbox/PlatformIndependent/Permutation -iquote../../../Toolbox/PlatformIndependent/Vertex_Coloring -iquote../../../Toolbox/PlatformIndependent/zip -iquote../../../Toolbox/Apple/Buttons/Classes -iquote../../../Toolbox/Apple/Buttons/Resources -iquote../../../Toolbox/Apple/Generic/View_and_ViewController -iquote../../../Toolbox/Apple/SoundEffect/Classes -iquote../../../Toolbox/Apple/SoundEffect/Resources -iquote../../../Toolbox/Apple/TransitionView/Classes -iquote../../../Toolbox/Apple/TransitionView/Resources -iquote../../../Toolbox/PlatformIndependent/Vertex_Coloring/autom4te.cache -iquote../../../Toolbox/PlatformIndependent/Vertex_Coloring/debug -iquote../../../Toolbox/PlatformIndependent/Vertex_Coloring/templates -iquote../../../Toolbox/PlatformIndependent/Vertex_Coloring/vertex_coloring -iquote../../../Toolbox/PlatformIndependent/Vertex_Coloring/write_graph -iquote../../../Toolbox/PlatformIndependent/zip/gzstream -iquote../../../Toolbox/PlatformIndependent/zip/zipinput -iquote../../../Toolbox/Apple/Buttons/Resources/Images -iquote../../../Toolbox/PlatformIndependent/Vertex_Coloring/debug/src -iquote../../../Toolbox/PlatformIndependent/Vertex_Coloring/debug/write_graph -iquote../../../Toolbox/PlatformIndependent/Vertex_Coloring/debug/src/.deps -iquote../../../Toolbox/PlatformIndependent/Vertex_Coloring/debug/write_graph/.deps "-I/Sandboxes/Mathieu/Apple/iPhone/build/Ad Hoc Distribution-iphoneos/include" "-I/Sandboxes/Mathieu/Apple/iPhone/build/Mathieu.build/Ad Hoc Distribution-iphoneos/SporadicM24.build/DerivedSources/armv6" "-I/Sandboxes/Mathieu/Apple/iPhone/build/Mathieu.build/Ad Hoc Distribution-iphoneos/SporadicM24.build/DerivedSources" -include /var/folders/BI/BIpn29DAGJW7A0ZHOaCI1U+++TM/-Caches-/com.apple.Xcode.502/SharedPrecompiledHeaders/Mathieu_Prefix-aihowzuqrqkkxfachesciulmqexm/Mathieu_Prefix.pch -c /Sandboxes/Mathieu/Apple/iPhone/../../../Toolbox/Apple/SoundEffect/Classes/SoundEffect.m -o "/Sandboxes/Mathieu/Apple/iPhone/build/Mathieu.build/Ad Hoc Distribution-iphoneos/SporadicM24.build/Objects-normal/armv6/SoundEffect.o"

CompileC "build/Mathieu.build/Ad Hoc Distribution-iphoneos/SporadicM24.build/Objects-normal/armv6/rand_utils.o" ../../../Toolbox/PlatformIndependent/rand_utils.c normal armv6 c com.apple.compilers.gcc.4_2
    cd /Sandboxes/Mathieu/Apple/iPhone
    setenv LANG en_US.US-ASCII
    setenv PATH "/Developer/Platforms/iPhoneOS.platform/Developer/usr/bin:/Developer/usr/bin:/Users/scott/bin:/opt/local/bin:/usr/bin:/bin:/usr/sbin:/sbin:/usr/local/bin:/usr/X11/bin"
    /Developer/Platforms/iPhoneOS.platform/Developer/usr/bin/gcc-4.2 -x c -arch armv6 -fmessage-length=0 -pipe -std=c99 -Wno-trigraphs -fpascal-strings -Os -mdynamic-no-pic -Wreturn-type -Wunused-variable -DMATHIEU_GROUP_PERMUTATION_SIZE=24 -DFREE=0 -isysroot /Developer/Platforms/iPhoneOS.platform/Developer/SDKs/iPhoneOS3.1.2.sdk -fvisibility=hidden -gdwarf-2 -mthumb -miphoneos-version-min=3.1.2 -iquote "/Sandboxes/Mathieu/Apple/iPhone/build/Mathieu.build/Ad Hoc Distribution-iphoneos/SporadicM24.build/SporadicM24-generated-files.hmap" "-I/Sandboxes/Mathieu/Apple/iPhone/build/Mathieu.build/Ad Hoc Distribution-iphoneos/SporadicM24.build/SporadicM24-own-target-headers.hmap" "-I/Sandboxes/Mathieu/Apple/iPhone/build/Mathieu.build/Ad Hoc Distribution-iphoneos/SporadicM24.build/SporadicM24-all-target-headers.hmap" -iquote "/Sandboxes/Mathieu/Apple/iPhone/build/Mathieu.build/Ad Hoc Distribution-iphoneos/SporadicM24.build/SporadicM24-project-headers.hmap" "-F/Sandboxes/Mathieu/Apple/iPhone/build/Ad Hoc Distribution-iphoneos" -iquote../../../Toolbox -iquote../../../Toolbox/Apple -iquote../../../Toolbox/CommandLine -iquote../../../Toolbox/Linux -iquote../../../Toolbox/Microsoft -iquote../../../Toolbox/PlatformIndependent -iquote../../../Toolbox/Apple/bin -iquote../../../Toolbox/Apple/Buttons -iquote../../../Toolbox/Apple/Filenames -iquote../../../Toolbox/Apple/Generic -iquote../../../Toolbox/Apple/ObjLisp -iquote../../../Toolbox/Apple/OKCancelAlertView -iquote../../../Toolbox/Apple/OrderedDictionary -iquote../../../Toolbox/Apple/Queue -iquote../../../Toolbox/Apple/SoundEffect -iquote../../../Toolbox/Apple/TransitionView -iquote../../../Toolbox/PlatformIndependent/Filenames -iquote../../../Toolbox/PlatformIndependent/Images -iquote../../../Toolbox/PlatformIndependent/Matrix -iquote../../../Toolbox/PlatformIndependent/Permutation -iquote../../../Toolbox/PlatformIndependent/Vertex_Coloring -iquote../../../Toolbox/PlatformIndependent/zip -iquote../../../Toolbox/Apple/Buttons/Classes -iquote../../../Toolbox/Apple/Buttons/Resources -iquote../../../Toolbox/Apple/Generic/View_and_ViewController -iquote../../../Toolbox/Apple/SoundEffect/Classes -iquote../../../Toolbox/Apple/SoundEffect/Resources -iquote../../../Toolbox/Apple/TransitionView/Classes -iquote../../../Toolbox/Apple/TransitionView/Resources -iquote../../../Toolbox/PlatformIndependent/Vertex_Coloring/autom4te.cache -iquote../../../Toolbox/PlatformIndependent/Vertex_Coloring/debug -iquote../../../Toolbox/PlatformIndependent/Vertex_Coloring/templates -iquote../../../Toolbox/PlatformIndependent/Vertex_Coloring/vertex_coloring -iquote../../../Toolbox/PlatformIndependent/Vertex_Coloring/write_graph -iquote../../../Toolbox/PlatformIndependent/zip/gzstream -iquote../../../Toolbox/PlatformIndependent/zip/zipinput -iquote../../../Toolbox/Apple/Buttons/Resources/Images -iquote../../../Toolbox/PlatformIndependent/Vertex_Coloring/debug/src -iquote../../../Toolbox/PlatformIndependent/Vertex_Coloring/debug/write_graph -iquote../../../Toolbox/PlatformIndependent/Vertex_Coloring/debug/src/.deps -iquote../../../Toolbox/PlatformIndependent/Vertex_Coloring/debug/write_graph/.deps "-I/Sandboxes/Mathieu/Apple/iPhone/build/Ad Hoc Distribution-iphoneos/include" "-I/Sandboxes/Mathieu/Apple/iPhone/build/Mathieu.build/Ad Hoc Distribution-iphoneos/SporadicM24.build/DerivedSources/armv6" "-I/Sandboxes/Mathieu/Apple/iPhone/build/Mathieu.build/Ad Hoc Distribution-iphoneos/SporadicM24.build/DerivedSources" -include /var/folders/BI/BIpn29DAGJW7A0ZHOaCI1U+++TM/-Caches-/com.apple.Xcode.502/SharedPrecompiledHeaders/Mathieu_Prefix-deejlyhucuiavwfljdxaijqezdsz/Mathieu_Prefix.pch -c /Sandboxes/Mathieu/Apple/iPhone/../../../Toolbox/PlatformIndependent/rand_utils.c -o "/Sandboxes/Mathieu/Apple/iPhone/build/Mathieu.build/Ad Hoc Distribution-iphoneos/SporadicM24.build/Objects-normal/armv6/rand_utils.o"

CompileC "build/Mathieu.build/Ad Hoc Distribution-iphoneos/SporadicM24.build/Objects-normal/armv6/point.o" ../../../Toolbox/PlatformIndependent/point.cc normal armv6 c++ com.apple.compilers.gcc.4_2
    cd /Sandboxes/Mathieu/Apple/iPhone
    setenv LANG en_US.US-ASCII
    setenv PATH "/Developer/Platforms/iPhoneOS.platform/Developer/usr/bin:/Developer/usr/bin:/Users/scott/bin:/opt/local/bin:/usr/bin:/bin:/usr/sbin:/sbin:/usr/local/bin:/usr/X11/bin"
    /Developer/Platforms/iPhoneOS.platform/Developer/usr/bin/gcc-4.2 -x c++ -arch armv6 -fmessage-length=0 -pipe -Wno-trigraphs -fpascal-strings -Os -mdynamic-no-pic -Wreturn-type -Wunused-variable -DMATHIEU_GROUP_PERMUTATION_SIZE=24 -DFREE=0 -isysroot /Developer/Platforms/iPhoneOS.platform/Developer/SDKs/iPhoneOS3.1.2.sdk -fvisibility=hidden -fvisibility-inlines-hidden -gdwarf-2 -mthumb -miphoneos-version-min=3.1.2 -iquote "/Sandboxes/Mathieu/Apple/iPhone/build/Mathieu.build/Ad Hoc Distribution-iphoneos/SporadicM24.build/SporadicM24-generated-files.hmap" "-I/Sandboxes/Mathieu/Apple/iPhone/build/Mathieu.build/Ad Hoc Distribution-iphoneos/SporadicM24.build/SporadicM24-own-target-headers.hmap" "-I/Sandboxes/Mathieu/Apple/iPhone/build/Mathieu.build/Ad Hoc Distribution-iphoneos/SporadicM24.build/SporadicM24-all-target-headers.hmap" -iquote "/Sandboxes/Mathieu/Apple/iPhone/build/Mathieu.build/Ad Hoc Distribution-iphoneos/SporadicM24.build/SporadicM24-project-headers.hmap" "-F/Sandboxes/Mathieu/Apple/iPhone/build/Ad Hoc Distribution-iphoneos" -iquote../../../Toolbox -iquote../../../Toolbox/Apple -iquote../../../Toolbox/CommandLine -iquote../../../Toolbox/Linux -iquote../../../Toolbox/Microsoft -iquote../../../Toolbox/PlatformIndependent -iquote../../../Toolbox/Apple/bin -iquote../../../Toolbox/Apple/Buttons -iquote../../../Toolbox/Apple/Filenames -iquote../../../Toolbox/Apple/Generic -iquote../../../Toolbox/Apple/ObjLisp -iquote../../../Toolbox/Apple/OKCancelAlertView -iquote../../../Toolbox/Apple/OrderedDictionary -iquote../../../Toolbox/Apple/Queue -iquote../../../Toolbox/Apple/SoundEffect -iquote../../../Toolbox/Apple/TransitionView -iquote../../../Toolbox/PlatformIndependent/Filenames -iquote../../../Toolbox/PlatformIndependent/Images -iquote../../../Toolbox/PlatformIndependent/Matrix -iquote../../../Toolbox/PlatformIndependent/Permutation -iquote../../../Toolbox/PlatformIndependent/Vertex_Coloring -iquote../../../Toolbox/PlatformIndependent/zip -iquote../../../Toolbox/Apple/Buttons/Classes -iquote../../../Toolbox/Apple/Buttons/Resources -iquote../../../Toolbox/Apple/Generic/View_and_ViewController -iquote../../../Toolbox/Apple/SoundEffect/Classes -iquote../../../Toolbox/Apple/SoundEffect/Resources -iquote../../../Toolbox/Apple/TransitionView/Classes -iquote../../../Toolbox/Apple/TransitionView/Resources -iquote../../../Toolbox/PlatformIndependent/Vertex_Coloring/autom4te.cache -iquote../../../Toolbox/PlatformIndependent/Vertex_Coloring/debug -iquote../../../Toolbox/PlatformIndependent/Vertex_Coloring/templates -iquote../../../Toolbox/PlatformIndependent/Vertex_Coloring/vertex_coloring -iquote../../../Toolbox/PlatformIndependent/Vertex_Coloring/write_graph -iquote../../../Toolbox/PlatformIndependent/zip/gzstream -iquote../../../Toolbox/PlatformIndependent/zip/zipinput -iquote../../../Toolbox/Apple/Buttons/Resources/Images -iquote../../../Toolbox/PlatformIndependent/Vertex_Coloring/debug/src -iquote../../../Toolbox/PlatformIndependent/Vertex_Coloring/debug/write_graph -iquote../../../Toolbox/PlatformIndependent/Vertex_Coloring/debug/src/.deps -iquote../../../Toolbox/PlatformIndependent/Vertex_Coloring/debug/write_graph/.deps "-I/Sandboxes/Mathieu/Apple/iPhone/build/Ad Hoc Distribution-iphoneos/include" "-I/Sandboxes/Mathieu/Apple/iPhone/build/Mathieu.build/Ad Hoc Distribution-iphoneos/SporadicM24.build/DerivedSources/armv6" "-I/Sandboxes/Mathieu/Apple/iPhone/build/Mathieu.build/Ad Hoc Distribution-iphoneos/SporadicM24.build/DerivedSources" -include /var/folders/BI/BIpn29DAGJW7A0ZHOaCI1U+++TM/-Caches-/com.apple.Xcode.502/SharedPrecompiledHeaders/Mathieu_Prefix-ghvrnqsgvpkhwkajhtwezvcbtxxm/Mathieu_Prefix.pch -c /Sandboxes/Mathieu/Apple/iPhone/../../../Toolbox/PlatformIndependent/point.cc -o "/Sandboxes/Mathieu/Apple/iPhone/build/Mathieu.build/Ad Hoc Distribution-iphoneos/SporadicM24.build/Objects-normal/armv6/point.o"

CompileC "build/Mathieu.build/Ad Hoc Distribution-iphoneos/SporadicM24.build/Objects-normal/armv6/m24.o" ../../PlatformIndependent/M24/Permutation/m24.cc normal armv6 c++ com.apple.compilers.gcc.4_2
    cd /Sandboxes/Mathieu/Apple/iPhone
    setenv LANG en_US.US-ASCII
    setenv PATH "/Developer/Platforms/iPhoneOS.platform/Developer/usr/bin:/Developer/usr/bin:/Users/scott/bin:/opt/local/bin:/usr/bin:/bin:/usr/sbin:/sbin:/usr/local/bin:/usr/X11/bin"
    /Developer/Platforms/iPhoneOS.platform/Developer/usr/bin/gcc-4.2 -x c++ -arch armv6 -fmessage-length=0 -pipe -Wno-trigraphs -fpascal-strings -Os -mdynamic-no-pic -Wreturn-type -Wunused-variable -DMATHIEU_GROUP_PERMUTATION_SIZE=24 -DFREE=0 -isysroot /Developer/Platforms/iPhoneOS.platform/Developer/SDKs/iPhoneOS3.1.2.sdk -fvisibility=hidden -fvisibility-inlines-hidden -gdwarf-2 -mthumb -miphoneos-version-min=3.1.2 -iquote "/Sandboxes/Mathieu/Apple/iPhone/build/Mathieu.build/Ad Hoc Distribution-iphoneos/SporadicM24.build/SporadicM24-generated-files.hmap" "-I/Sandboxes/Mathieu/Apple/iPhone/build/Mathieu.build/Ad Hoc Distribution-iphoneos/SporadicM24.build/SporadicM24-own-target-headers.hmap" "-I/Sandboxes/Mathieu/Apple/iPhone/build/Mathieu.build/Ad Hoc Distribution-iphoneos/SporadicM24.build/SporadicM24-all-target-headers.hmap" -iquote "/Sandboxes/Mathieu/Apple/iPhone/build/Mathieu.build/Ad Hoc Distribution-iphoneos/SporadicM24.build/SporadicM24-project-headers.hmap" "-F/Sandboxes/Mathieu/Apple/iPhone/build/Ad Hoc Distribution-iphoneos" -iquote../../../Toolbox -iquote../../../Toolbox/Apple -iquote../../../Toolbox/CommandLine -iquote../../../Toolbox/Linux -iquote../../../Toolbox/Microsoft -iquote../../../Toolbox/PlatformIndependent -iquote../../../Toolbox/Apple/bin -iquote../../../Toolbox/Apple/Buttons -iquote../../../Toolbox/Apple/Filenames -iquote../../../Toolbox/Apple/Generic -iquote../../../Toolbox/Apple/ObjLisp -iquote../../../Toolbox/Apple/OKCancelAlertView -iquote../../../Toolbox/Apple/OrderedDictionary -iquote../../../Toolbox/Apple/Queue -iquote../../../Toolbox/Apple/SoundEffect -iquote../../../Toolbox/Apple/TransitionView -iquote../../../Toolbox/PlatformIndependent/Filenames -iquote../../../Toolbox/PlatformIndependent/Images -iquote../../../Toolbox/PlatformIndependent/Matrix -iquote../../../Toolbox/PlatformIndependent/Permutation -iquote../../../Toolbox/PlatformIndependent/Vertex_Coloring -iquote../../../Toolbox/PlatformIndependent/zip -iquote../../../Toolbox/Apple/Buttons/Classes -iquote../../../Toolbox/Apple/Buttons/Resources -iquote../../../Toolbox/Apple/Generic/View_and_ViewController -iquote../../../Toolbox/Apple/SoundEffect/Classes -iquote../../../Toolbox/Apple/SoundEffect/Resources -iquote../../../Toolbox/Apple/TransitionView/Classes -iquote../../../Toolbox/Apple/TransitionView/Resources -iquote../../../Toolbox/PlatformIndependent/Vertex_Coloring/autom4te.cache -iquote../../../Toolbox/PlatformIndependent/Vertex_Coloring/debug -iquote../../../Toolbox/PlatformIndependent/Vertex_Coloring/templates -iquote../../../Toolbox/PlatformIndependent/Vertex_Coloring/vertex_coloring -iquote../../../Toolbox/PlatformIndependent/Vertex_Coloring/write_graph -iquote../../../Toolbox/PlatformIndependent/zip/gzstream -iquote../../../Toolbox/PlatformIndependent/zip/zipinput -iquote../../../Toolbox/Apple/Buttons/Resources/Images -iquote../../../Toolbox/PlatformIndependent/Vertex_Coloring/debug/src -iquote../../../Toolbox/PlatformIndependent/Vertex_Coloring/debug/write_graph -iquote../../../Toolbox/PlatformIndependent/Vertex_Coloring/debug/src/.deps -iquote../../../Toolbox/PlatformIndependent/Vertex_Coloring/debug/write_graph/.deps "-I/Sandboxes/Mathieu/Apple/iPhone/build/Ad Hoc Distribution-iphoneos/include" "-I/Sandboxes/Mathieu/Apple/iPhone/build/Mathieu.build/Ad Hoc Distribution-iphoneos/SporadicM24.build/DerivedSources/armv6" "-I/Sandboxes/Mathieu/Apple/iPhone/build/Mathieu.build/Ad Hoc Distribution-iphoneos/SporadicM24.build/DerivedSources" -include /var/folders/BI/BIpn29DAGJW7A0ZHOaCI1U+++TM/-Caches-/com.apple.Xcode.502/SharedPrecompiledHeaders/Mathieu_Prefix-ghvrnqsgvpkhwkajhtwezvcbtxxm/Mathieu_Prefix.pch -c /Sandboxes/Mathieu/Apple/iPhone/../../PlatformIndependent/M24/Permutation/m24.cc -o "/Sandboxes/Mathieu/Apple/iPhone/build/Mathieu.build/Ad Hoc Distribution-iphoneos/SporadicM24.build/Objects-normal/armv6/m24.o"

CompileC "build/Mathieu.build/Ad Hoc Distribution-iphoneos/SporadicM24.build/Objects-normal/armv6/view.o" ../../PlatformIndependent/View/view.cc normal armv6 c++ com.apple.compilers.gcc.4_2
    cd /Sandboxes/Mathieu/Apple/iPhone
    setenv LANG en_US.US-ASCII
    setenv PATH "/Developer/Platforms/iPhoneOS.platform/Developer/usr/bin:/Developer/usr/bin:/Users/scott/bin:/opt/local/bin:/usr/bin:/bin:/usr/sbin:/sbin:/usr/local/bin:/usr/X11/bin"
    /Developer/Platforms/iPhoneOS.platform/Developer/usr/bin/gcc-4.2 -x c++ -arch armv6 -fmessage-length=0 -pipe -Wno-trigraphs -fpascal-strings -Os -mdynamic-no-pic -Wreturn-type -Wunused-variable -DMATHIEU_GROUP_PERMUTATION_SIZE=24 -DFREE=0 -isysroot /Developer/Platforms/iPhoneOS.platform/Developer/SDKs/iPhoneOS3.1.2.sdk -fvisibility=hidden -fvisibility-inlines-hidden -gdwarf-2 -mthumb -miphoneos-version-min=3.1.2 -iquote "/Sandboxes/Mathieu/Apple/iPhone/build/Mathieu.build/Ad Hoc Distribution-iphoneos/SporadicM24.build/SporadicM24-generated-files.hmap" "-I/Sandboxes/Mathieu/Apple/iPhone/build/Mathieu.build/Ad Hoc Distribution-iphoneos/SporadicM24.build/SporadicM24-own-target-headers.hmap" "-I/Sandboxes/Mathieu/Apple/iPhone/build/Mathieu.build/Ad Hoc Distribution-iphoneos/SporadicM24.build/SporadicM24-all-target-headers.hmap" -iquote "/Sandboxes/Mathieu/Apple/iPhone/build/Mathieu.build/Ad Hoc Distribution-iphoneos/SporadicM24.build/SporadicM24-project-headers.hmap" "-F/Sandboxes/Mathieu/Apple/iPhone/build/Ad Hoc Distribution-iphoneos" -iquote../../../Toolbox -iquote../../../Toolbox/Apple -iquote../../../Toolbox/CommandLine -iquote../../../Toolbox/Linux -iquote../../../Toolbox/Microsoft -iquote../../../Toolbox/PlatformIndependent -iquote../../../Toolbox/Apple/bin -iquote../../../Toolbox/Apple/Buttons -iquote../../../Toolbox/Apple/Filenames -iquote../../../Toolbox/Apple/Generic -iquote../../../Toolbox/Apple/ObjLisp -iquote../../../Toolbox/Apple/OKCancelAlertView -iquote../../../Toolbox/Apple/OrderedDictionary -iquote../../../Toolbox/Apple/Queue -iquote../../../Toolbox/Apple/SoundEffect -iquote../../../Toolbox/Apple/TransitionView -iquote../../../Toolbox/PlatformIndependent/Filenames -iquote../../../Toolbox/PlatformIndependent/Images -iquote../../../Toolbox/PlatformIndependent/Matrix -iquote../../../Toolbox/PlatformIndependent/Permutation -iquote../../../Toolbox/PlatformIndependent/Vertex_Coloring -iquote../../../Toolbox/PlatformIndependent/zip -iquote../../../Toolbox/Apple/Buttons/Classes -iquote../../../Toolbox/Apple/Buttons/Resources -iquote../../../Toolbox/Apple/Generic/View_and_ViewController -iquote../../../Toolbox/Apple/SoundEffect/Classes -iquote../../../Toolbox/Apple/SoundEffect/Resources -iquote../../../Toolbox/Apple/TransitionView/Classes -iquote../../../Toolbox/Apple/TransitionView/Resources -iquote../../../Toolbox/PlatformIndependent/Vertex_Coloring/autom4te.cache -iquote../../../Toolbox/PlatformIndependent/Vertex_Coloring/debug -iquote../../../Toolbox/PlatformIndependent/Vertex_Coloring/templates -iquote../../../Toolbox/PlatformIndependent/Vertex_Coloring/vertex_coloring -iquote../../../Toolbox/PlatformIndependent/Vertex_Coloring/write_graph -iquote../../../Toolbox/PlatformIndependent/zip/gzstream -iquote../../../Toolbox/PlatformIndependent/zip/zipinput -iquote../../../Toolbox/Apple/Buttons/Resources/Images -iquote../../../Toolbox/PlatformIndependent/Vertex_Coloring/debug/src -iquote../../../Toolbox/PlatformIndependent/Vertex_Coloring/debug/write_graph -iquote../../../Toolbox/PlatformIndependent/Vertex_Coloring/debug/src/.deps -iquote../../../Toolbox/PlatformIndependent/Vertex_Coloring/debug/write_graph/.deps "-I/Sandboxes/Mathieu/Apple/iPhone/build/Ad Hoc Distribution-iphoneos/include" "-I/Sandboxes/Mathieu/Apple/iPhone/build/Mathieu.build/Ad Hoc Distribution-iphoneos/SporadicM24.build/DerivedSources/armv6" "-I/Sandboxes/Mathieu/Apple/iPhone/build/Mathieu.build/Ad Hoc Distribution-iphoneos/SporadicM24.build/DerivedSources" -include /var/folders/BI/BIpn29DAGJW7A0ZHOaCI1U+++TM/-Caches-/com.apple.Xcode.502/SharedPrecompiledHeaders/Mathieu_Prefix-ghvrnqsgvpkhwkajhtwezvcbtxxm/Mathieu_Prefix.pch -c /Sandboxes/Mathieu/Apple/iPhone/../../PlatformIndependent/View/view.cc -o "/Sandboxes/Mathieu/Apple/iPhone/build/Mathieu.build/Ad Hoc Distribution-iphoneos/SporadicM24.build/Objects-normal/armv6/view.o"

CompileC "build/Mathieu.build/Ad Hoc Distribution-iphoneos/SporadicM24.build/Objects-normal/armv6/OKCancelAlertView.o" ../../../Toolbox/Apple/OKCancelAlertView/OKCancelAlertView.mm normal armv6 objective-c++ com.apple.compilers.gcc.4_2
    cd /Sandboxes/Mathieu/Apple/iPhone
    setenv LANG en_US.US-ASCII
    setenv PATH "/Developer/Platforms/iPhoneOS.platform/Developer/usr/bin:/Developer/usr/bin:/Users/scott/bin:/opt/local/bin:/usr/bin:/bin:/usr/sbin:/sbin:/usr/local/bin:/usr/X11/bin"
    /Developer/Platforms/iPhoneOS.platform/Developer/usr/bin/gcc-4.2 -x objective-c++ -arch armv6 -fmessage-length=0 -pipe -Wno-trigraphs -fpascal-strings -Os -mdynamic-no-pic -Wreturn-type -Wunused-variable -DMATHIEU_GROUP_PERMUTATION_SIZE=24 -DFREE=0 -isysroot /Developer/Platforms/iPhoneOS.platform/Developer/SDKs/iPhoneOS3.1.2.sdk -fvisibility=hidden -fvisibility-inlines-hidden -gdwarf-2 -mthumb -miphoneos-version-min=3.1.2 -iquote "/Sandboxes/Mathieu/Apple/iPhone/build/Mathieu.build/Ad Hoc Distribution-iphoneos/SporadicM24.build/SporadicM24-generated-files.hmap" "-I/Sandboxes/Mathieu/Apple/iPhone/build/Mathieu.build/Ad Hoc Distribution-iphoneos/SporadicM24.build/SporadicM24-own-target-headers.hmap" "-I/Sandboxes/Mathieu/Apple/iPhone/build/Mathieu.build/Ad Hoc Distribution-iphoneos/SporadicM24.build/SporadicM24-all-target-headers.hmap" -iquote "/Sandboxes/Mathieu/Apple/iPhone/build/Mathieu.build/Ad Hoc Distribution-iphoneos/SporadicM24.build/SporadicM24-project-headers.hmap" "-F/Sandboxes/Mathieu/Apple/iPhone/build/Ad Hoc Distribution-iphoneos" -iquote../../../Toolbox -iquote../../../Toolbox/Apple -iquote../../../Toolbox/CommandLine -iquote../../../Toolbox/Linux -iquote../../../Toolbox/Microsoft -iquote../../../Toolbox/PlatformIndependent -iquote../../../Toolbox/Apple/bin -iquote../../../Toolbox/Apple/Buttons -iquote../../../Toolbox/Apple/Filenames -iquote../../../Toolbox/Apple/Generic -iquote../../../Toolbox/Apple/ObjLisp -iquote../../../Toolbox/Apple/OKCancelAlertView -iquote../../../Toolbox/Apple/OrderedDictionary -iquote../../../Toolbox/Apple/Queue -iquote../../../Toolbox/Apple/SoundEffect -iquote../../../Toolbox/Apple/TransitionView -iquote../../../Toolbox/PlatformIndependent/Filenames -iquote../../../Toolbox/PlatformIndependent/Images -iquote../../../Toolbox/PlatformIndependent/Matrix -iquote../../../Toolbox/PlatformIndependent/Permutation -iquote../../../Toolbox/PlatformIndependent/Vertex_Coloring -iquote../../../Toolbox/PlatformIndependent/zip -iquote../../../Toolbox/Apple/Buttons/Classes -iquote../../../Toolbox/Apple/Buttons/Resources -iquote../../../Toolbox/Apple/Generic/View_and_ViewController -iquote../../../Toolbox/Apple/SoundEffect/Classes -iquote../../../Toolbox/Apple/SoundEffect/Resources -iquote../../../Toolbox/Apple/TransitionView/Classes -iquote../../../Toolbox/Apple/TransitionView/Resources -iquote../../../Toolbox/PlatformIndependent/Vertex_Coloring/autom4te.cache -iquote../../../Toolbox/PlatformIndependent/Vertex_Coloring/debug -iquote../../../Toolbox/PlatformIndependent/Vertex_Coloring/templates -iquote../../../Toolbox/PlatformIndependent/Vertex_Coloring/vertex_coloring -iquote../../../Toolbox/PlatformIndependent/Vertex_Coloring/write_graph -iquote../../../Toolbox/PlatformIndependent/zip/gzstream -iquote../../../Toolbox/PlatformIndependent/zip/zipinput -iquote../../../Toolbox/Apple/Buttons/Resources/Images -iquote../../../Toolbox/PlatformIndependent/Vertex_Coloring/debug/src -iquote../../../Toolbox/PlatformIndependent/Vertex_Coloring/debug/write_graph -iquote../../../Toolbox/PlatformIndependent/Vertex_Coloring/debug/src/.deps -iquote../../../Toolbox/PlatformIndependent/Vertex_Coloring/debug/write_graph/.deps "-I/Sandboxes/Mathieu/Apple/iPhone/build/Ad Hoc Distribution-iphoneos/include" "-I/Sandboxes/Mathieu/Apple/iPhone/build/Mathieu.build/Ad Hoc Distribution-iphoneos/SporadicM24.build/DerivedSources/armv6" "-I/Sandboxes/Mathieu/Apple/iPhone/build/Mathieu.build/Ad Hoc Distribution-iphoneos/SporadicM24.build/DerivedSources" -include /var/folders/BI/BIpn29DAGJW7A0ZHOaCI1U+++TM/-Caches-/com.apple.Xcode.502/SharedPrecompiledHeaders/Mathieu_Prefix-gtghdqnlmcsnvxdmndqqlxjmpout/Mathieu_Prefix.pch -c /Sandboxes/Mathieu/Apple/iPhone/../../../Toolbox/Apple/OKCancelAlertView/OKCancelAlertView.mm -o "/Sandboxes/Mathieu/Apple/iPhone/build/Mathieu.build/Ad Hoc Distribution-iphoneos/SporadicM24.build/Objects-normal/armv6/OKCancelAlertView.o"

Ld "build/Ad Hoc Distribution-iphoneos/SporadicM24.app/SporadicM24" normal armv6
    cd /Sandboxes/Mathieu/Apple/iPhone
    setenv IPHONEOS_DEPLOYMENT_TARGET 3.1.2
    setenv MACOSX_DEPLOYMENT_TARGET 10.5
    setenv PATH "/Developer/Platforms/iPhoneOS.platform/Developer/usr/bin:/Developer/usr/bin:/Users/scott/bin:/opt/local/bin:/usr/bin:/bin:/usr/sbin:/sbin:/usr/local/bin:/usr/X11/bin"
    /Developer/Platforms/iPhoneOS.platform/Developer/usr/bin/g++-4.2 -arch armv6 -isysroot /Developer/Platforms/iPhoneOS.platform/Developer/SDKs/iPhoneOS3.1.2.sdk "-L/Sandboxes/Mathieu/Apple/iPhone/build/Ad Hoc Distribution-iphoneos" "-F/Sandboxes/Mathieu/Apple/iPhone/build/Ad Hoc Distribution-iphoneos" -filelist "/Sandboxes/Mathieu/Apple/iPhone/build/Mathieu.build/Ad Hoc Distribution-iphoneos/SporadicM24.build/Objects-normal/armv6/SporadicM24.LinkFileList" -mmacosx-version-min=10.5 -dead_strip -miphoneos-version-min=3.1.2 -framework Foundation -framework UIKit -framework CoreGraphics -framework AudioToolbox -o "/Sandboxes/Mathieu/Apple/iPhone/build/Ad Hoc Distribution-iphoneos/SporadicM24.app/SporadicM24"

GenerateDSYMFile "build/Ad Hoc Distribution-iphoneos/SporadicM24.app.dSYM" "build/Ad Hoc Distribution-iphoneos/SporadicM24.app/SporadicM24"
    cd /Sandboxes/Mathieu/Apple/iPhone
    setenv PATH "/Developer/Platforms/iPhoneOS.platform/Developer/usr/bin:/Developer/usr/bin:/Users/scott/bin:/opt/local/bin:/usr/bin:/bin:/usr/sbin:/sbin:/usr/local/bin:/usr/X11/bin"
    /Developer/usr/bin/dsymutil "/Sandboxes/Mathieu/Apple/iPhone/build/Ad Hoc Distribution-iphoneos/SporadicM24.app/SporadicM24" -o "/Sandboxes/Mathieu/Apple/iPhone/build/Ad Hoc Distribution-iphoneos/SporadicM24.app.dSYM"

ProcessProductPackaging "/Users/scott/Library/MobileDevice/Provisioning Profiles/398C688B-F727-4907-B064-D2B081FE8E51.mobileprovision" "build/Ad Hoc Distribution-iphoneos/SporadicM24.app/embedded.mobileprovision"
    cd /Sandboxes/Mathieu/Apple/iPhone
    setenv PATH "/Developer/Platforms/iPhoneOS.platform/Developer/usr/bin:/Developer/usr/bin:/Users/scott/bin:/opt/local/bin:/usr/bin:/bin:/usr/sbin:/sbin:/usr/local/bin:/usr/X11/bin"
    <com.apple.tools.product-pkg-utility> "/Users/scott/Library/MobileDevice/Provisioning Profiles/398C688B-F727-4907-B064-D2B081FE8E51.mobileprovision" -o "/Sandboxes/Mathieu/Apple/iPhone/build/Ad Hoc Distribution-iphoneos/SporadicM24.app/embedded.mobileprovision"

Touch "build/Ad Hoc Distribution-iphoneos/SporadicM24.app"
    cd /Sandboxes/Mathieu/Apple/iPhone
    setenv PATH "/Developer/Platforms/iPhoneOS.platform/Developer/usr/bin:/Developer/usr/bin:/Users/scott/bin:/opt/local/bin:/usr/bin:/bin:/usr/sbin:/sbin:/usr/local/bin:/usr/X11/bin"
    /usr/bin/touch -c "/Sandboxes/Mathieu/Apple/iPhone/build/Ad Hoc Distribution-iphoneos/SporadicM24.app"

ProcessProductPackaging Entitlements.plist "build/Mathieu.build/Ad Hoc Distribution-iphoneos/SporadicM24.build/SporadicM24.xcent"
    cd /Sandboxes/Mathieu/Apple/iPhone
    setenv PATH "/Developer/Platforms/iPhoneOS.platform/Developer/usr/bin:/Developer/usr/bin:/Users/scott/bin:/opt/local/bin:/usr/bin:/bin:/usr/sbin:/sbin:/usr/local/bin:/usr/X11/bin"
    <com.apple.tools.product-pkg-utility> /Sandboxes/Mathieu/Apple/iPhone/Entitlements.plist -entitlements -format xml -o "/Sandboxes/Mathieu/Apple/iPhone/build/Mathieu.build/Ad Hoc Distribution-iphoneos/SporadicM24.build/SporadicM24.xcent"

CodeSign "build/Ad Hoc Distribution-iphoneos/SporadicM24.app"
    cd /Sandboxes/Mathieu/Apple/iPhone
    setenv CODESIGN_ALLOCATE /Developer/Platforms/iPhoneOS.platform/Developer/usr/bin/codesign_allocate
    setenv PATH "/Developer/Platforms/iPhoneOS.platform/Developer/usr/bin:/Developer/usr/bin:/Users/scott/bin:/opt/local/bin:/usr/bin:/bin:/usr/sbin:/sbin:/usr/local/bin:/usr/X11/bin"
    /usr/bin/codesign -f -s "iPhone Distribution: Magnolia Heights Research and Development." "--resource-rules=/Sandboxes/Mathieu/Apple/iPhone/build/Ad Hoc Distribution-iphoneos/SporadicM24.app/ResourceRules.plist" --entitlements "/Sandboxes/Mathieu/Apple/iPhone/build/Mathieu.build/Ad Hoc Distribution-iphoneos/SporadicM24.build/SporadicM24.xcent" "/Sandboxes/Mathieu/Apple/iPhone/build/Ad Hoc Distribution-iphoneos/SporadicM24.app"

** BUILD SUCCEEDED **

	zip warning: name not matched: iTunesArtWork
  adding: Payload/ (stored 0%)
  adding: Payload/SporadicM24.app/ (stored 0%)
  adding: Payload/SporadicM24.app/_CodeSignature/ (stored 0%)
  adding: Payload/SporadicM24.app/_CodeSignature/CodeResources (deflated 64%)
  adding: Payload/SporadicM24.app/applause.caf (deflated 60%)
  adding: Payload/SporadicM24.app/buttons.html (deflated 75%)
  adding: Payload/SporadicM24.app/CodeResources (deflated 64%)
  adding: Payload/SporadicM24.app/combo.caf (deflated 18%)
  adding: Payload/SporadicM24.app/combo_buttons.html (deflated 55%)
  adding: Payload/SporadicM24.app/combo_not_set.caf (deflated 14%)
  adding: Payload/SporadicM24.app/combo_set.caf (deflated 61%)
  adding: Payload/SporadicM24.app/ComboButtonDisabled.png (stored 0%)
  adding: Payload/SporadicM24.app/DualActionButtonAlternate.png (stored 0%)
  adding: Payload/SporadicM24.app/embedded.mobileprovision (deflated 31%)
  adding: Payload/SporadicM24.app/Entitlements.plist (deflated 29%)
  adding: Payload/SporadicM24.app/error.html (deflated 18%)
  adding: Payload/SporadicM24.app/Generic_Images/ (stored 0%)
  adding: Payload/SporadicM24.app/Generic_Images/alt_button.png (stored 0%)
  adding: Payload/SporadicM24.app/Generic_Images/alt_button_active.png (stored 0%)
  adding: Payload/SporadicM24.app/Generic_Images/combo_button_A_defined.png (stored 0%)
  adding: Payload/SporadicM24.app/Generic_Images/combo_button_A_defined_state.png (stored 0%)
  adding: Payload/SporadicM24.app/Generic_Images/combo_button_A_inverse.png (stored 0%)
  adding: Payload/SporadicM24.app/Generic_Images/combo_button_A_undefined.png (stored 0%)
  adding: Payload/SporadicM24.app/Generic_Images/home_button.png (stored 0%)
  adding: Payload/SporadicM24.app/Generic_Images/info_button.png (stored 0%)
  adding: Payload/SporadicM24.app/Generic_Images/left_button.png (stored 0%)
  adding: Payload/SporadicM24.app/Generic_Images/restart_button.png (stored 0%)
  adding: Payload/SporadicM24.app/Generic_Images/right_button.png (stored 0%)
  adding: Payload/SporadicM24.app/Generic_Images/shake_button.png (stored 0%)
  adding: Payload/SporadicM24.app/Generic_Images/swap_button.png (stored 0%)
  adding: Payload/SporadicM24.app/Generic_Images/undo_button.png (stored 0%)
  adding: Payload/SporadicM24.app/Generic_Images/undo_move_button.png (stored 0%)
  adding: Payload/SporadicM24.app/HelpView.nib (deflated 30%)
  adding: Payload/SporadicM24.app/hints.html (deflated 54%)
  adding: Payload/SporadicM24.app/home.caf (deflated 7%)
  adding: Payload/SporadicM24.app/Images/ (stored 0%)
  adding: Payload/SporadicM24.app/Images/A.png (deflated 1%)
  adding: Payload/SporadicM24.app/Images/AA.png (deflated 1%)
  adding: Payload/SporadicM24.app/Images/AAA.png (deflated 1%)
  adding: Payload/SporadicM24.app/Images/alt_button_clicked.png (deflated 1%)
  adding: Payload/SporadicM24.app/Images/combo_button_A_defined.png (deflated 1%)
  adding: Payload/SporadicM24.app/Images/combo_button_A_pressed.png (deflated 1%)
  adding: Payload/SporadicM24.app/Images/combo_erase_confirm.png (deflated 0%)
  adding: Payload/SporadicM24.app/Images/combo_set_confirm.png (deflated 0%)
  adding: Payload/SporadicM24.app/Images/home_confirm.png (deflated 0%)
  adding: Payload/SporadicM24.app/Images/home_position.png (deflated 1%)
  adding: Payload/SporadicM24.app/Images/info_button_pressed.png (deflated 1%)
  adding: Payload/SporadicM24.app/Images/left_position.png (deflated 1%)
  adding: Payload/SporadicM24.app/Images/preferences_page.png (deflated 2%)
  adding: Payload/SporadicM24.app/Images/puzzle_penultimate_position.png (deflated 1%)
  adding: Payload/SporadicM24.app/Images/puzzle_solved.png (deflated 1%)
  adding: Payload/SporadicM24.app/Images/puzzle_solved_position.png (deflated 1%)
  adding: Payload/SporadicM24.app/Images/puzzle_start_position.png (deflated 1%)
  adding: Payload/SporadicM24.app/Images/restart_confirm.png (deflated 0%)
  adding: Payload/SporadicM24.app/Images/right_position.png (deflated 1%)
  adding: Payload/SporadicM24.app/Images/settings.png (deflated 2%)
  adding: Payload/SporadicM24.app/Images/shake_confirm.png (deflated 0%)
  adding: Payload/SporadicM24.app/Images/swap_position.png (deflated 1%)
  adding: Payload/SporadicM24.app/index.html (deflated 51%)
  adding: Payload/SporadicM24.app/Info.plist (deflated 33%)
  adding: Payload/SporadicM24.app/left.caf (deflated 44%)
  adding: Payload/SporadicM24.app/MainWindow.nib (deflated 22%)
  adding: Payload/SporadicM24.app/moves_and_steps.html (deflated 39%)
  adding: Payload/SporadicM24.app/PkgInfo (stored 0%)
  adding: Payload/SporadicM24.app/PreferencesView.nib (deflated 32%)
  adding: Payload/SporadicM24.app/ResourceRules.plist (deflated 52%)
  adding: Payload/SporadicM24.app/restart.caf (deflated 14%)
  adding: Payload/SporadicM24.app/right.caf (deflated 33%)
  adding: Payload/SporadicM24.app/shake.caf (deflated 12%)
  adding: Payload/SporadicM24.app/SimpleBluishButtonNormal.png (stored 0%)
  adding: Payload/SporadicM24.app/SimpleButtonHighlighted.png (stored 0%)
  adding: Payload/SporadicM24.app/SimpleButtonNormal.png (stored 0%)
  adding: Payload/SporadicM24.app/SimpleButtonNormalRound.png (stored 0%)
  adding: Payload/SporadicM24.app/SimpleButtonRoundHighlighted.png (stored 0%)
  adding: Payload/SporadicM24.app/SimpleDarkButtonHighlighted.png (stored 0%)
  adding: Payload/SporadicM24.app/SimpleDarkButtonNormal.png (stored 0%)
  adding: Payload/SporadicM24.app/Sporadic_Games_Logo.png (stored 0%)
  adding: Payload/SporadicM24.app/SporadicGamesLogo.png (stored 0%)
  adding: Payload/SporadicM24.app/SporadicM24 (deflated 66%)
  adding: Payload/SporadicM24.app/SporadicM24Icon_Prerendered.png (stored 0%)
  adding: Payload/SporadicM24.app/SporadicMView.nib (deflated 30%)
  adding: Payload/SporadicM24.app/success.caf (deflated 38%)
  adding: Payload/SporadicM24.app/swap.caf (deflated 18%)
  adding: Payload/SporadicM24.app/SwapPermutationsView.nib (deflated 30%)
  adding: iTunesArtWork (deflated 1%)
  adding: Payload/ (stored 0%)
  adding: Payload/SporadicM24.app/ (stored 0%)
  adding: Payload/SporadicM24.app/_CodeSignature/ (stored 0%)
  adding: Payload/SporadicM24.app/_CodeSignature/CodeResources (deflated 64%)
  adding: Payload/SporadicM24.app/applause.caf (deflated 60%)
  adding: Payload/SporadicM24.app/buttons.html (deflated 75%)
  adding: Payload/SporadicM24.app/CodeResources (deflated 64%)
  adding: Payload/SporadicM24.app/combo.caf (deflated 18%)
  adding: Payload/SporadicM24.app/combo_buttons.html (deflated 55%)
  adding: Payload/SporadicM24.app/combo_not_set.caf (deflated 14%)
  adding: Payload/SporadicM24.app/combo_set.caf (deflated 61%)
  adding: Payload/SporadicM24.app/ComboButtonDisabled.png (stored 0%)
  adding: Payload/SporadicM24.app/DualActionButtonAlternate.png (stored 0%)
  adding: Payload/SporadicM24.app/embedded.mobileprovision (deflated 31%)
  adding: Payload/SporadicM24.app/Entitlements.plist (deflated 29%)
  adding: Payload/SporadicM24.app/error.html (deflated 18%)
  adding: Payload/SporadicM24.app/Generic_Images/ (stored 0%)
  adding: Payload/SporadicM24.app/Generic_Images/alt_button.png (stored 0%)
  adding: Payload/SporadicM24.app/Generic_Images/alt_button_active.png (stored 0%)
  adding: Payload/SporadicM24.app/Generic_Images/combo_button_A_defined.png (stored 0%)
  adding: Payload/SporadicM24.app/Generic_Images/combo_button_A_defined_state.png (stored 0%)
  adding: Payload/SporadicM24.app/Generic_Images/combo_button_A_inverse.png (stored 0%)
  adding: Payload/SporadicM24.app/Generic_Images/combo_button_A_undefined.png (stored 0%)
  adding: Payload/SporadicM24.app/Generic_Images/home_button.png (stored 0%)
  adding: Payload/SporadicM24.app/Generic_Images/info_button.png (stored 0%)
  adding: Payload/SporadicM24.app/Generic_Images/left_button.png (stored 0%)
  adding: Payload/SporadicM24.app/Generic_Images/restart_button.png (stored 0%)
  adding: Payload/SporadicM24.app/Generic_Images/right_button.png (stored 0%)
  adding: Payload/SporadicM24.app/Generic_Images/shake_button.png (stored 0%)
  adding: Payload/SporadicM24.app/Generic_Images/swap_button.png (stored 0%)
  adding: Payload/SporadicM24.app/Generic_Images/undo_button.png (stored 0%)
  adding: Payload/SporadicM24.app/Generic_Images/undo_move_button.png (stored 0%)
  adding: Payload/SporadicM24.app/HelpView.nib (deflated 30%)
  adding: Payload/SporadicM24.app/hints.html (deflated 54%)
  adding: Payload/SporadicM24.app/home.caf (deflated 7%)
  adding: Payload/SporadicM24.app/Images/ (stored 0%)
  adding: Payload/SporadicM24.app/Images/A.png (deflated 1%)
  adding: Payload/SporadicM24.app/Images/AA.png (deflated 1%)
  adding: Payload/SporadicM24.app/Images/AAA.png (deflated 1%)
  adding: Payload/SporadicM24.app/Images/alt_button_clicked.png (deflated 1%)
  adding: Payload/SporadicM24.app/Images/combo_button_A_defined.png (deflated 1%)
  adding: Payload/SporadicM24.app/Images/combo_button_A_pressed.png (deflated 1%)
  adding: Payload/SporadicM24.app/Images/combo_erase_confirm.png (deflated 0%)
  adding: Payload/SporadicM24.app/Images/combo_set_confirm.png (deflated 0%)
  adding: Payload/SporadicM24.app/Images/home_confirm.png (deflated 0%)
  adding: Payload/SporadicM24.app/Images/home_position.png (deflated 1%)
  adding: Payload/SporadicM24.app/Images/info_button_pressed.png (deflated 1%)
  adding: Payload/SporadicM24.app/Images/left_position.png (deflated 1%)
  adding: Payload/SporadicM24.app/Images/preferences_page.png (deflated 2%)
  adding: Payload/SporadicM24.app/Images/puzzle_penultimate_position.png (deflated 1%)
  adding: Payload/SporadicM24.app/Images/puzzle_solved.png (deflated 1%)
  adding: Payload/SporadicM24.app/Images/puzzle_solved_position.png (deflated 1%)
  adding: Payload/SporadicM24.app/Images/puzzle_start_position.png (deflated 1%)
  adding: Payload/SporadicM24.app/Images/restart_confirm.png (deflated 0%)
  adding: Payload/SporadicM24.app/Images/right_position.png (deflated 1%)
  adding: Payload/SporadicM24.app/Images/settings.png (deflated 2%)
  adding: Payload/SporadicM24.app/Images/shake_confirm.png (deflated 0%)
  adding: Payload/SporadicM24.app/Images/swap_position.png (deflated 1%)
  adding: Payload/SporadicM24.app/index.html (deflated 51%)
  adding: Payload/SporadicM24.app/Info.plist (deflated 33%)
  adding: Payload/SporadicM24.app/left.caf (deflated 44%)
  adding: Payload/SporadicM24.app/MainWindow.nib (deflated 22%)
  adding: Payload/SporadicM24.app/moves_and_steps.html (deflated 39%)
  adding: Payload/SporadicM24.app/PkgInfo (stored 0%)
  adding: Payload/SporadicM24.app/PreferencesView.nib (deflated 32%)
  adding: Payload/SporadicM24.app/ResourceRules.plist (deflated 52%)
  adding: Payload/SporadicM24.app/restart.caf (deflated 14%)
  adding: Payload/SporadicM24.app/right.caf (deflated 33%)
  adding: Payload/SporadicM24.app/shake.caf (deflated 12%)
  adding: Payload/SporadicM24.app/SimpleBluishButtonNormal.png (stored 0%)
  adding: Payload/SporadicM24.app/SimpleButtonHighlighted.png (stored 0%)
  adding: Payload/SporadicM24.app/SimpleButtonNormal.png (stored 0%)
  adding: Payload/SporadicM24.app/SimpleButtonNormalRound.png (stored 0%)
  adding: Payload/SporadicM24.app/SimpleButtonRoundHighlighted.png (stored 0%)
  adding: Payload/SporadicM24.app/SimpleDarkButtonHighlighted.png (stored 0%)
  adding: Payload/SporadicM24.app/SimpleDarkButtonNormal.png (stored 0%)
  adding: Payload/SporadicM24.app/Sporadic_Games_Logo.png (stored 0%)
  adding: Payload/SporadicM24.app/SporadicGamesLogo.png (stored 0%)
  adding: Payload/SporadicM24.app/SporadicM24 (deflated 66%)
  adding: Payload/SporadicM24.app/SporadicM24Icon_Prerendered.png (stored 0%)
  adding: Payload/SporadicM24.app/SporadicMView.nib (deflated 30%)
  adding: Payload/SporadicM24.app/success.caf (deflated 38%)
  adding: Payload/SporadicM24.app/swap.caf (deflated 18%)
  adding: Payload/SporadicM24.app/SwapPermutationsView.nib (deflated 30%)
  adding: iTunesArtWork (deflated 0%)
  adding: Payload/ (stored 0%)
  adding: Payload/SporadicM24.app/ (stored 0%)
  adding: Payload/SporadicM24.app/_CodeSignature/ (stored 0%)
  adding: Payload/SporadicM24.app/_CodeSignature/CodeResources (deflated 64%)
  adding: Payload/SporadicM24.app/applause.caf (deflated 60%)
  adding: Payload/SporadicM24.app/buttons.html (deflated 75%)
  adding: Payload/SporadicM24.app/CodeResources (deflated 64%)
  adding: Payload/SporadicM24.app/combo.caf (deflated 18%)
  adding: Payload/SporadicM24.app/combo_buttons.html (deflated 55%)
  adding: Payload/SporadicM24.app/combo_not_set.caf (deflated 14%)
  adding: Payload/SporadicM24.app/combo_set.caf (deflated 61%)
  adding: Payload/SporadicM24.app/ComboButtonDisabled.png (stored 0%)
  adding: Payload/SporadicM24.app/DualActionButtonAlternate.png (stored 0%)
  adding: Payload/SporadicM24.app/embedded.mobileprovision (deflated 31%)
  adding: Payload/SporadicM24.app/Entitlements.plist (deflated 29%)
  adding: Payload/SporadicM24.app/error.html (deflated 18%)
  adding: Payload/SporadicM24.app/Generic_Images/ (stored 0%)
  adding: Payload/SporadicM24.app/Generic_Images/alt_button.png (stored 0%)
  adding: Payload/SporadicM24.app/Generic_Images/alt_button_active.png (stored 0%)
  adding: Payload/SporadicM24.app/Generic_Images/combo_button_A_defined.png (stored 0%)
  adding: Payload/SporadicM24.app/Generic_Images/combo_button_A_defined_state.png (stored 0%)
  adding: Payload/SporadicM24.app/Generic_Images/combo_button_A_inverse.png (stored 0%)
  adding: Payload/SporadicM24.app/Generic_Images/combo_button_A_undefined.png (stored 0%)
  adding: Payload/SporadicM24.app/Generic_Images/home_button.png (stored 0%)
  adding: Payload/SporadicM24.app/Generic_Images/info_button.png (stored 0%)
  adding: Payload/SporadicM24.app/Generic_Images/left_button.png (stored 0%)
  adding: Payload/SporadicM24.app/Generic_Images/restart_button.png (stored 0%)
  adding: Payload/SporadicM24.app/Generic_Images/right_button.png (stored 0%)
  adding: Payload/SporadicM24.app/Generic_Images/shake_button.png (stored 0%)
  adding: Payload/SporadicM24.app/Generic_Images/swap_button.png (stored 0%)
  adding: Payload/SporadicM24.app/Generic_Images/undo_button.png (stored 0%)
  adding: Payload/SporadicM24.app/Generic_Images/undo_move_button.png (stored 0%)
  adding: Payload/SporadicM24.app/HelpView.nib (deflated 30%)
  adding: Payload/SporadicM24.app/hints.html (deflated 54%)
  adding: Payload/SporadicM24.app/home.caf (deflated 7%)
  adding: Payload/SporadicM24.app/Images/ (stored 0%)
  adding: Payload/SporadicM24.app/Images/A.png (deflated 1%)
  adding: Payload/SporadicM24.app/Images/AA.png (deflated 1%)
  adding: Payload/SporadicM24.app/Images/AAA.png (deflated 1%)
  adding: Payload/SporadicM24.app/Images/alt_button_clicked.png (deflated 1%)
  adding: Payload/SporadicM24.app/Images/combo_button_A_defined.png (deflated 1%)
  adding: Payload/SporadicM24.app/Images/combo_button_A_pressed.png (deflated 1%)
  adding: Payload/SporadicM24.app/Images/combo_erase_confirm.png (deflated 0%)
  adding: Payload/SporadicM24.app/Images/combo_set_confirm.png (deflated 0%)
  adding: Payload/SporadicM24.app/Images/home_confirm.png (deflated 0%)
  adding: Payload/SporadicM24.app/Images/home_position.png (deflated 1%)
  adding: Payload/SporadicM24.app/Images/info_button_pressed.png (deflated 1%)
  adding: Payload/SporadicM24.app/Images/left_position.png (deflated 1%)
  adding: Payload/SporadicM24.app/Images/preferences_page.png (deflated 2%)
  adding: Payload/SporadicM24.app/Images/puzzle_penultimate_position.png (deflated 1%)
  adding: Payload/SporadicM24.app/Images/puzzle_solved.png (deflated 1%)
  adding: Payload/SporadicM24.app/Images/puzzle_solved_position.png (deflated 1%)
  adding: Payload/SporadicM24.app/Images/puzzle_start_position.png (deflated 1%)
  adding: Payload/SporadicM24.app/Images/restart_confirm.png (deflated 0%)
  adding: Payload/SporadicM24.app/Images/right_position.png (deflated 1%)
  adding: Payload/SporadicM24.app/Images/settings.png (deflated 2%)
  adding: Payload/SporadicM24.app/Images/shake_confirm.png (deflated 0%)
  adding: Payload/SporadicM24.app/Images/swap_position.png (deflated 1%)
  adding: Payload/SporadicM24.app/index.html (deflated 51%)
  adding: Payload/SporadicM24.app/Info.plist (deflated 33%)
  adding: Payload/SporadicM24.app/left.caf (deflated 44%)
  adding: Payload/SporadicM24.app/MainWindow.nib (deflated 22%)
  adding: Payload/SporadicM24.app/moves_and_steps.html (deflated 39%)
  adding: Payload/SporadicM24.app/PkgInfo (stored 0%)
  adding: Payload/SporadicM24.app/PreferencesView.nib (deflated 32%)
  adding: Payload/SporadicM24.app/ResourceRules.plist (deflated 52%)
  adding: Payload/SporadicM24.app/restart.caf (deflated 14%)
  adding: Payload/SporadicM24.app/right.caf (deflated 33%)
  adding: Payload/SporadicM24.app/shake.caf (deflated 12%)
  adding: Payload/SporadicM24.app/SimpleBluishButtonNormal.png (stored 0%)
  adding: Payload/SporadicM24.app/SimpleButtonHighlighted.png (stored 0%)
  adding: Payload/SporadicM24.app/SimpleButtonNormal.png (stored 0%)
  adding: Payload/SporadicM24.app/SimpleButtonNormalRound.png (stored 0%)
  adding: Payload/SporadicM24.app/SimpleButtonRoundHighlighted.png (stored 0%)
  adding: Payload/SporadicM24.app/SimpleDarkButtonHighlighted.png (stored 0%)
  adding: Payload/SporadicM24.app/SimpleDarkButtonNormal.png (stored 0%)
  adding: Payload/SporadicM24.app/Sporadic_Games_Logo.png (stored 0%)
  adding: Payload/SporadicM24.app/SporadicGamesLogo.png (stored 0%)
  adding: Payload/SporadicM24.app/SporadicM24 (deflated 66%)
  adding: Payload/SporadicM24.app/SporadicM24Icon_Prerendered.png (stored 0%)
  adding: Payload/SporadicM24.app/SporadicMView.nib (deflated 30%)
  adding: Payload/SporadicM24.app/success.caf (deflated 38%)
  adding: Payload/SporadicM24.app/swap.caf (deflated 18%)
  adding: Payload/SporadicM24.app/SwapPermutationsView.nib (deflated 30%)
updating: iTunesArtWork (deflated 0%)
updating: Payload/ (stored 0%)
updating: Payload/SporadicM24.app/ (stored 0%)
updating: Payload/SporadicM24.app/_CodeSignature/ (stored 0%)
updating: Payload/SporadicM24.app/_CodeSignature/CodeResources (deflated 64%)
updating: Payload/SporadicM24.app/applause.caf (deflated 60%)
updating: Payload/SporadicM24.app/buttons.html (deflated 75%)
updating: Payload/SporadicM24.app/CodeResources (deflated 64%)
updating: Payload/SporadicM24.app/combo.caf (deflated 18%)
updating: Payload/SporadicM24.app/combo_buttons.html (deflated 55%)
updating: Payload/SporadicM24.app/combo_not_set.caf (deflated 14%)
updating: Payload/SporadicM24.app/combo_set.caf (deflated 61%)
updating: Payload/SporadicM24.app/ComboButtonDisabled.png (stored 0%)
updating: Payload/SporadicM24.app/DualActionButtonAlternate.png (stored 0%)
updating: Payload/SporadicM24.app/embedded.mobileprovision (deflated 31%)
updating: Payload/SporadicM24.app/Entitlements.plist (deflated 29%)
updating: Payload/SporadicM24.app/error.html (deflated 18%)
updating: Payload/SporadicM24.app/Generic_Images/ (stored 0%)
updating: Payload/SporadicM24.app/Generic_Images/alt_button.png (stored 0%)
updating: Payload/SporadicM24.app/Generic_Images/alt_button_active.png (stored 0%)
updating: Payload/SporadicM24.app/Generic_Images/combo_button_A_defined.png (stored 0%)
updating: Payload/SporadicM24.app/Generic_Images/combo_button_A_defined_state.png (stored 0%)
updating: Payload/SporadicM24.app/Generic_Images/combo_button_A_inverse.png (stored 0%)
updating: Payload/SporadicM24.app/Generic_Images/combo_button_A_undefined.png (stored 0%)
updating: Payload/SporadicM24.app/Generic_Images/home_button.png (stored 0%)
updating: Payload/SporadicM24.app/Generic_Images/info_button.png (stored 0%)
updating: Payload/SporadicM24.app/Generic_Images/left_button.png (stored 0%)
updating: Payload/SporadicM24.app/Generic_Images/restart_button.png (stored 0%)
updating: Payload/SporadicM24.app/Generic_Images/right_button.png (stored 0%)
updating: Payload/SporadicM24.app/Generic_Images/shake_button.png (stored 0%)
updating: Payload/SporadicM24.app/Generic_Images/swap_button.png (stored 0%)
updating: Payload/SporadicM24.app/Generic_Images/undo_button.png (stored 0%)
updating: Payload/SporadicM24.app/Generic_Images/undo_move_button.png (stored 0%)
updating: Payload/SporadicM24.app/HelpView.nib (deflated 30%)
updating: Payload/SporadicM24.app/hints.html (deflated 54%)
updating: Payload/SporadicM24.app/home.caf (deflated 7%)
updating: Payload/SporadicM24.app/Images/ (stored 0%)
updating: Payload/SporadicM24.app/Images/A.png (deflated 1%)
updating: Payload/SporadicM24.app/Images/AA.png (deflated 1%)
updating: Payload/SporadicM24.app/Images/AAA.png (deflated 1%)
updating: Payload/SporadicM24.app/Images/alt_button_clicked.png (deflated 1%)
updating: Payload/SporadicM24.app/Images/combo_button_A_defined.png (deflated 1%)
updating: Payload/SporadicM24.app/Images/combo_button_A_pressed.png (deflated 1%)
updating: Payload/SporadicM24.app/Images/combo_erase_confirm.png (deflated 0%)
updating: Payload/SporadicM24.app/Images/combo_set_confirm.png (deflated 0%)
updating: Payload/SporadicM24.app/Images/home_confirm.png (deflated 0%)
updating: Payload/SporadicM24.app/Images/home_position.png (deflated 1%)
updating: Payload/SporadicM24.app/Images/info_button_pressed.png (deflated 1%)
updating: Payload/SporadicM24.app/Images/left_position.png (deflated 1%)
updating: Payload/SporadicM24.app/Images/preferences_page.png (deflated 2%)
updating: Payload/SporadicM24.app/Images/puzzle_penultimate_position.png (deflated 1%)
updating: Payload/SporadicM24.app/Images/puzzle_solved.png (deflated 1%)
updating: Payload/SporadicM24.app/Images/puzzle_solved_position.png (deflated 1%)
updating: Payload/SporadicM24.app/Images/puzzle_start_position.png (deflated 1%)
updating: Payload/SporadicM24.app/Images/restart_confirm.png (deflated 0%)
updating: Payload/SporadicM24.app/Images/right_position.png (deflated 1%)
updating: Payload/SporadicM24.app/Images/settings.png (deflated 2%)
updating: Payload/SporadicM24.app/Images/shake_confirm.png (deflated 0%)
updating: Payload/SporadicM24.app/Images/swap_position.png (deflated 1%)
updating: Payload/SporadicM24.app/index.html (deflated 51%)
updating: Payload/SporadicM24.app/Info.plist (deflated 33%)
updating: Payload/SporadicM24.app/left.caf (deflated 44%)
updating: Payload/SporadicM24.app/MainWindow.nib (deflated 22%)
updating: Payload/SporadicM24.app/moves_and_steps.html (deflated 39%)
updating: Payload/SporadicM24.app/PkgInfo (stored 0%)
updating: Payload/SporadicM24.app/PreferencesView.nib (deflated 32%)
updating: Payload/SporadicM24.app/ResourceRules.plist (deflated 52%)
updating: Payload/SporadicM24.app/restart.caf (deflated 14%)
updating: Payload/SporadicM24.app/right.caf (deflated 33%)
updating: Payload/SporadicM24.app/shake.caf (deflated 12%)
updating: Payload/SporadicM24.app/SimpleBluishButtonNormal.png (stored 0%)
updating: Payload/SporadicM24.app/SimpleButtonHighlighted.png (stored 0%)
updating: Payload/SporadicM24.app/SimpleButtonNormal.png (stored 0%)
updating: Payload/SporadicM24.app/SimpleButtonNormalRound.png (stored 0%)
updating: Payload/SporadicM24.app/SimpleButtonRoundHighlighted.png (stored 0%)
updating: Payload/SporadicM24.app/SimpleDarkButtonHighlighted.png (stored 0%)
updating: Payload/SporadicM24.app/SimpleDarkButtonNormal.png (stored 0%)
updating: Payload/SporadicM24.app/Sporadic_Games_Logo.png (stored 0%)
updating: Payload/SporadicM24.app/SporadicGamesLogo.png (stored 0%)
updating: Payload/SporadicM24.app/SporadicM24 (deflated 66%)
updating: Payload/SporadicM24.app/SporadicM24Icon_Prerendered.png (stored 0%)
updating: Payload/SporadicM24.app/SporadicMView.nib (deflated 30%)
updating: Payload/SporadicM24.app/success.caf (deflated 38%)
updating: Payload/SporadicM24.app/swap.caf (deflated 18%)
updating: Payload/SporadicM24.app/SwapPermutationsView.nib (deflated 30%)
updating: iTunesArtWork (deflated 0%)
updating: Payload/ (stored 0%)
updating: Payload/SporadicM24.app/ (stored 0%)
updating: Payload/SporadicM24.app/_CodeSignature/ (stored 0%)
updating: Payload/SporadicM24.app/_CodeSignature/CodeResources (deflated 64%)
updating: Payload/SporadicM24.app/applause.caf (deflated 60%)
updating: Payload/SporadicM24.app/buttons.html (deflated 75%)
updating: Payload/SporadicM24.app/CodeResources (deflated 64%)
updating: Payload/SporadicM24.app/combo.caf (deflated 18%)
updating: Payload/SporadicM24.app/combo_buttons.html (deflated 55%)
updating: Payload/SporadicM24.app/combo_not_set.caf (deflated 14%)
updating: Payload/SporadicM24.app/combo_set.caf (deflated 61%)
updating: Payload/SporadicM24.app/ComboButtonDisabled.png (stored 0%)
updating: Payload/SporadicM24.app/DualActionButtonAlternate.png (stored 0%)
updating: Payload/SporadicM24.app/embedded.mobileprovision (deflated 31%)
updating: Payload/SporadicM24.app/Entitlements.plist (deflated 29%)
updating: Payload/SporadicM24.app/error.html (deflated 18%)
updating: Payload/SporadicM24.app/Generic_Images/ (stored 0%)
updating: Payload/SporadicM24.app/Generic_Images/alt_button.png (stored 0%)
updating: Payload/SporadicM24.app/Generic_Images/alt_button_active.png (stored 0%)
updating: Payload/SporadicM24.app/Generic_Images/combo_button_A_defined.png (stored 0%)
updating: Payload/SporadicM24.app/Generic_Images/combo_button_A_defined_state.png (stored 0%)
updating: Payload/SporadicM24.app/Generic_Images/combo_button_A_inverse.png (stored 0%)
updating: Payload/SporadicM24.app/Generic_Images/combo_button_A_undefined.png (stored 0%)
updating: Payload/SporadicM24.app/Generic_Images/home_button.png (stored 0%)
updating: Payload/SporadicM24.app/Generic_Images/info_button.png (stored 0%)
updating: Payload/SporadicM24.app/Generic_Images/left_button.png (stored 0%)
updating: Payload/SporadicM24.app/Generic_Images/restart_button.png (stored 0%)
updating: Payload/SporadicM24.app/Generic_Images/right_button.png (stored 0%)
updating: Payload/SporadicM24.app/Generic_Images/shake_button.png (stored 0%)
updating: Payload/SporadicM24.app/Generic_Images/swap_button.png (stored 0%)
updating: Payload/SporadicM24.app/Generic_Images/undo_button.png (stored 0%)
updating: Payload/SporadicM24.app/Generic_Images/undo_move_button.png (stored 0%)
updating: Payload/SporadicM24.app/HelpView.nib (deflated 30%)
updating: Payload/SporadicM24.app/hints.html (deflated 54%)
updating: Payload/SporadicM24.app/home.caf (deflated 7%)
updating: Payload/SporadicM24.app/Images/ (stored 0%)
updating: Payload/SporadicM24.app/Images/A.png (deflated 1%)
updating: Payload/SporadicM24.app/Images/AA.png (deflated 1%)
updating: Payload/SporadicM24.app/Images/AAA.png (deflated 1%)
updating: Payload/SporadicM24.app/Images/alt_button_clicked.png (deflated 1%)
updating: Payload/SporadicM24.app/Images/combo_button_A_defined.png (deflated 1%)
updating: Payload/SporadicM24.app/Images/combo_button_A_pressed.png (deflated 1%)
updating: Payload/SporadicM24.app/Images/combo_erase_confirm.png (deflated 0%)
updating: Payload/SporadicM24.app/Images/combo_set_confirm.png (deflated 0%)
updating: Payload/SporadicM24.app/Images/home_confirm.png (deflated 0%)
updating: Payload/SporadicM24.app/Images/home_position.png (deflated 1%)
updating: Payload/SporadicM24.app/Images/info_button_pressed.png (deflated 1%)
updating: Payload/SporadicM24.app/Images/left_position.png (deflated 1%)
updating: Payload/SporadicM24.app/Images/preferences_page.png (deflated 2%)
updating: Payload/SporadicM24.app/Images/puzzle_penultimate_position.png (deflated 1%)
updating: Payload/SporadicM24.app/Images/puzzle_solved.png (deflated 1%)
updating: Payload/SporadicM24.app/Images/puzzle_solved_position.png (deflated 1%)
updating: Payload/SporadicM24.app/Images/puzzle_start_position.png (deflated 1%)
updating: Payload/SporadicM24.app/Images/restart_confirm.png (deflated 0%)
updating: Payload/SporadicM24.app/Images/right_position.png (deflated 1%)
updating: Payload/SporadicM24.app/Images/settings.png (deflated 2%)
updating: Payload/SporadicM24.app/Images/shake_confirm.png (deflated 0%)
updating: Payload/SporadicM24.app/Images/swap_position.png (deflated 1%)
updating: Payload/SporadicM24.app/index.html (deflated 51%)
updating: Payload/SporadicM24.app/Info.plist (deflated 33%)
updating: Payload/SporadicM24.app/left.caf (deflated 44%)
updating: Payload/SporadicM24.app/MainWindow.nib (deflated 22%)
updating: Payload/SporadicM24.app/moves_and_steps.html (deflated 39%)
updating: Payload/SporadicM24.app/PkgInfo (stored 0%)
updating: Payload/SporadicM24.app/PreferencesView.nib (deflated 32%)
updating: Payload/SporadicM24.app/ResourceRules.plist (deflated 52%)
updating: Payload/SporadicM24.app/restart.caf (deflated 14%)
updating: Payload/SporadicM24.app/right.caf (deflated 33%)
updating: Payload/SporadicM24.app/shake.caf (deflated 12%)
updating: Payload/SporadicM24.app/SimpleBluishButtonNormal.png (stored 0%)
updating: Payload/SporadicM24.app/SimpleButtonHighlighted.png (stored 0%)
updating: Payload/SporadicM24.app/SimpleButtonNormal.png (stored 0%)
updating: Payload/SporadicM24.app/SimpleButtonNormalRound.png (stored 0%)
updating: Payload/SporadicM24.app/SimpleButtonRoundHighlighted.png (stored 0%)
updating: Payload/SporadicM24.app/SimpleDarkButtonHighlighted.png (stored 0%)
updating: Payload/SporadicM24.app/SimpleDarkButtonNormal.png (stored 0%)
updating: Payload/SporadicM24.app/Sporadic_Games_Logo.png (stored 0%)
updating: Payload/SporadicM24.app/SporadicGamesLogo.png (stored 0%)
updating: Payload/SporadicM24.app/SporadicM24 (deflated 66%)
updating: Payload/SporadicM24.app/SporadicM24Icon_Prerendered.png (stored 0%)
updating: Payload/SporadicM24.app/SporadicMView.nib (deflated 30%)
updating: Payload/SporadicM24.app/success.caf (deflated 38%)
updating: Payload/SporadicM24.app/swap.caf (deflated 18%)
updating: Payload/SporadicM24.app/SwapPermutationsView.nib (deflated 30%)
updating: iTunesArtWork (deflated 0%)
updating: Payload/ (stored 0%)
updating: Payload/SporadicM24.app/ (stored 0%)
updating: Payload/SporadicM24.app/_CodeSignature/ (stored 0%)
updating: Payload/SporadicM24.app/_CodeSignature/CodeResources (deflated 64%)
updating: Payload/SporadicM24.app/applause.caf (deflated 60%)
updating: Payload/SporadicM24.app/buttons.html (deflated 75%)
updating: Payload/SporadicM24.app/CodeResources (deflated 64%)
updating: Payload/SporadicM24.app/combo.caf (deflated 18%)
updating: Payload/SporadicM24.app/combo_buttons.html (deflated 55%)
updating: Payload/SporadicM24.app/combo_not_set.caf (deflated 14%)
updating: Payload/SporadicM24.app/combo_set.caf (deflated 61%)
updating: Payload/SporadicM24.app/ComboButtonDisabled.png (stored 0%)
updating: Payload/SporadicM24.app/DualActionButtonAlternate.png (stored 0%)
updating: Payload/SporadicM24.app/embedded.mobileprovision (deflated 31%)
updating: Payload/SporadicM24.app/Entitlements.plist (deflated 29%)
updating: Payload/SporadicM24.app/error.html (deflated 18%)
updating: Payload/SporadicM24.app/Generic_Images/ (stored 0%)
updating: Payload/SporadicM24.app/Generic_Images/alt_button.png (stored 0%)
updating: Payload/SporadicM24.app/Generic_Images/alt_button_active.png (stored 0%)
updating: Payload/SporadicM24.app/Generic_Images/combo_button_A_defined.png (stored 0%)
updating: Payload/SporadicM24.app/Generic_Images/combo_button_A_defined_state.png (stored 0%)
updating: Payload/SporadicM24.app/Generic_Images/combo_button_A_inverse.png (stored 0%)
updating: Payload/SporadicM24.app/Generic_Images/combo_button_A_undefined.png (stored 0%)
updating: Payload/SporadicM24.app/Generic_Images/home_button.png (stored 0%)
updating: Payload/SporadicM24.app/Generic_Images/info_button.png (stored 0%)
updating: Payload/SporadicM24.app/Generic_Images/left_button.png (stored 0%)
updating: Payload/SporadicM24.app/Generic_Images/restart_button.png (stored 0%)
updating: Payload/SporadicM24.app/Generic_Images/right_button.png (stored 0%)
updating: Payload/SporadicM24.app/Generic_Images/shake_button.png (stored 0%)
updating: Payload/SporadicM24.app/Generic_Images/swap_button.png (stored 0%)
updating: Payload/SporadicM24.app/Generic_Images/undo_button.png (stored 0%)
updating: Payload/SporadicM24.app/Generic_Images/undo_move_button.png (stored 0%)
updating: Payload/SporadicM24.app/HelpView.nib (deflated 30%)
updating: Payload/SporadicM24.app/hints.html (deflated 54%)
updating: Payload/SporadicM24.app/home.caf (deflated 7%)
updating: Payload/SporadicM24.app/Images/ (stored 0%)
updating: Payload/SporadicM24.app/Images/A.png (deflated 1%)
updating: Payload/SporadicM24.app/Images/AA.png (deflated 1%)
updating: Payload/SporadicM24.app/Images/AAA.png (deflated 1%)
updating: Payload/SporadicM24.app/Images/alt_button_clicked.png (deflated 1%)
updating: Payload/SporadicM24.app/Images/combo_button_A_defined.png (deflated 1%)
updating: Payload/SporadicM24.app/Images/combo_button_A_pressed.png (deflated 1%)
updating: Payload/SporadicM24.app/Images/combo_erase_confirm.png (deflated 0%)
updating: Payload/SporadicM24.app/Images/combo_set_confirm.png (deflated 0%)
updating: Payload/SporadicM24.app/Images/home_confirm.png (deflated 0%)
updating: Payload/SporadicM24.app/Images/home_position.png (deflated 1%)
updating: Payload/SporadicM24.app/Images/info_button_pressed.png (deflated 1%)
updating: Payload/SporadicM24.app/Images/left_position.png (deflated 1%)
updating: Payload/SporadicM24.app/Images/preferences_page.png (deflated 2%)
updating: Payload/SporadicM24.app/Images/puzzle_penultimate_position.png (deflated 1%)
updating: Payload/SporadicM24.app/Images/puzzle_solved.png (deflated 1%)
updating: Payload/SporadicM24.app/Images/puzzle_solved_position.png (deflated 1%)
updating: Payload/SporadicM24.app/Images/puzzle_start_position.png (deflated 1%)
updating: Payload/SporadicM24.app/Images/restart_confirm.png (deflated 0%)
updating: Payload/SporadicM24.app/Images/right_position.png (deflated 1%)
updating: Payload/SporadicM24.app/Images/settings.png (deflated 2%)
updating: Payload/SporadicM24.app/Images/shake_confirm.png (deflated 0%)
updating: Payload/SporadicM24.app/Images/swap_position.png (deflated 1%)
updating: Payload/SporadicM24.app/index.html (deflated 51%)
updating: Payload/SporadicM24.app/Info.plist (deflated 33%)
updating: Payload/SporadicM24.app/left.caf (deflated 44%)
updating: Payload/SporadicM24.app/MainWindow.nib (deflated 22%)
updating: Payload/SporadicM24.app/moves_and_steps.html (deflated 39%)
updating: Payload/SporadicM24.app/PkgInfo (stored 0%)
updating: Payload/SporadicM24.app/PreferencesView.nib (deflated 32%)
updating: Payload/SporadicM24.app/ResourceRules.plist (deflated 52%)
updating: Payload/SporadicM24.app/restart.caf (deflated 14%)
updating: Payload/SporadicM24.app/right.caf (deflated 33%)
updating: Payload/SporadicM24.app/shake.caf (deflated 12%)
updating: Payload/SporadicM24.app/SimpleBluishButtonNormal.png (stored 0%)
updating: Payload/SporadicM24.app/SimpleButtonHighlighted.png (stored 0%)
updating: Payload/SporadicM24.app/SimpleButtonNormal.png (stored 0%)
updating: Payload/SporadicM24.app/SimpleButtonNormalRound.png (stored 0%)
updating: Payload/SporadicM24.app/SimpleButtonRoundHighlighted.png (stored 0%)
updating: Payload/SporadicM24.app/SimpleDarkButtonHighlighted.png (stored 0%)
updating: Payload/SporadicM24.app/SimpleDarkButtonNormal.png (stored 0%)
updating: Payload/SporadicM24.app/Sporadic_Games_Logo.png (stored 0%)
updating: Payload/SporadicM24.app/SporadicGamesLogo.png (stored 0%)
updating: Payload/SporadicM24.app/SporadicM24 (deflated 66%)
updating: Payload/SporadicM24.app/SporadicM24Icon_Prerendered.png (stored 0%)
updating: Payload/SporadicM24.app/SporadicMView.nib (deflated 30%)
updating: Payload/SporadicM24.app/success.caf (deflated 38%)
updating: Payload/SporadicM24.app/swap.caf (deflated 18%)
updating: Payload/SporadicM24.app/SwapPermutationsView.nib (deflated 30%)
updating: iTunesArtWork (deflated 0%)
updating: Payload/ (stored 0%)
updating: Payload/SporadicM24.app/ (stored 0%)
updating: Payload/SporadicM24.app/_CodeSignature/ (stored 0%)
updating: Payload/SporadicM24.app/_CodeSignature/CodeResources (deflated 64%)
updating: Payload/SporadicM24.app/applause.caf (deflated 60%)
updating: Payload/SporadicM24.app/buttons.html (deflated 75%)
updating: Payload/SporadicM24.app/CodeResources (deflated 64%)
updating: Payload/SporadicM24.app/combo.caf (deflated 18%)
updating: Payload/SporadicM24.app/combo_buttons.html (deflated 55%)
updating: Payload/SporadicM24.app/combo_not_set.caf (deflated 14%)
updating: Payload/SporadicM24.app/combo_set.caf (deflated 61%)
updating: Payload/SporadicM24.app/ComboButtonDisabled.png (stored 0%)
updating: Payload/SporadicM24.app/DualActionButtonAlternate.png (stored 0%)
updating: Payload/SporadicM24.app/embedded.mobileprovision (deflated 31%)
updating: Payload/SporadicM24.app/Entitlements.plist (deflated 29%)
updating: Payload/SporadicM24.app/error.html (deflated 18%)
updating: Payload/SporadicM24.app/Generic_Images/ (stored 0%)
updating: Payload/SporadicM24.app/Generic_Images/alt_button.png (stored 0%)
updating: Payload/SporadicM24.app/Generic_Images/alt_button_active.png (stored 0%)
updating: Payload/SporadicM24.app/Generic_Images/combo_button_A_defined.png (stored 0%)
updating: Payload/SporadicM24.app/Generic_Images/combo_button_A_defined_state.png (stored 0%)
updating: Payload/SporadicM24.app/Generic_Images/combo_button_A_inverse.png (stored 0%)
updating: Payload/SporadicM24.app/Generic_Images/combo_button_A_undefined.png (stored 0%)
updating: Payload/SporadicM24.app/Generic_Images/home_button.png (stored 0%)
updating: Payload/SporadicM24.app/Generic_Images/info_button.png (stored 0%)
updating: Payload/SporadicM24.app/Generic_Images/left_button.png (stored 0%)
updating: Payload/SporadicM24.app/Generic_Images/restart_button.png (stored 0%)
updating: Payload/SporadicM24.app/Generic_Images/right_button.png (stored 0%)
updating: Payload/SporadicM24.app/Generic_Images/shake_button.png (stored 0%)
updating: Payload/SporadicM24.app/Generic_Images/swap_button.png (stored 0%)
updating: Payload/SporadicM24.app/Generic_Images/undo_button.png (stored 0%)
updating: Payload/SporadicM24.app/Generic_Images/undo_move_button.png (stored 0%)
updating: Payload/SporadicM24.app/HelpView.nib (deflated 30%)
updating: Payload/SporadicM24.app/hints.html (deflated 54%)
updating: Payload/SporadicM24.app/home.caf (deflated 7%)
updating: Payload/SporadicM24.app/Images/ (stored 0%)
updating: Payload/SporadicM24.app/Images/A.png (deflated 1%)
updating: Payload/SporadicM24.app/Images/AA.png (deflated 1%)
updating: Payload/SporadicM24.app/Images/AAA.png (deflated 1%)
updating: Payload/SporadicM24.app/Images/alt_button_clicked.png (deflated 1%)
updating: Payload/SporadicM24.app/Images/combo_button_A_defined.png (deflated 1%)
updating: Payload/SporadicM24.app/Images/combo_button_A_pressed.png (deflated 1%)
updating: Payload/SporadicM24.app/Images/combo_erase_confirm.png (deflated 0%)
updating: Payload/SporadicM24.app/Images/combo_set_confirm.png (deflated 0%)
updating: Payload/SporadicM24.app/Images/home_confirm.png (deflated 0%)
updating: Payload/SporadicM24.app/Images/home_position.png (deflated 1%)
updating: Payload/SporadicM24.app/Images/info_button_pressed.png (deflated 1%)
updating: Payload/SporadicM24.app/Images/left_position.png (deflated 1%)
updating: Payload/SporadicM24.app/Images/preferences_page.png (deflated 2%)
updating: Payload/SporadicM24.app/Images/puzzle_penultimate_position.png (deflated 1%)
updating: Payload/SporadicM24.app/Images/puzzle_solved.png (deflated 1%)
updating: Payload/SporadicM24.app/Images/puzzle_solved_position.png (deflated 1%)
updating: Payload/SporadicM24.app/Images/puzzle_start_position.png (deflated 1%)
updating: Payload/SporadicM24.app/Images/restart_confirm.png (deflated 0%)
updating: Payload/SporadicM24.app/Images/right_position.png (deflated 1%)
updating: Payload/SporadicM24.app/Images/settings.png (deflated 2%)
updating: Payload/SporadicM24.app/Images/shake_confirm.png (deflated 0%)
updating: Payload/SporadicM24.app/Images/swap_position.png (deflated 1%)
updating: Payload/SporadicM24.app/index.html (deflated 51%)
updating: Payload/SporadicM24.app/Info.plist (deflated 33%)
updating: Payload/SporadicM24.app/left.caf (deflated 44%)
updating: Payload/SporadicM24.app/MainWindow.nib (deflated 22%)
updating: Payload/SporadicM24.app/moves_and_steps.html (deflated 39%)
updating: Payload/SporadicM24.app/PkgInfo (stored 0%)
updating: Payload/SporadicM24.app/PreferencesView.nib (deflated 32%)
updating: Payload/SporadicM24.app/ResourceRules.plist (deflated 52%)
updating: Payload/SporadicM24.app/restart.caf (deflated 14%)
updating: Payload/SporadicM24.app/right.caf (deflated 33%)
updating: Payload/SporadicM24.app/shake.caf (deflated 12%)
updating: Payload/SporadicM24.app/SimpleBluishButtonNormal.png (stored 0%)
updating: Payload/SporadicM24.app/SimpleButtonHighlighted.png (stored 0%)
updating: Payload/SporadicM24.app/SimpleButtonNormal.png (stored 0%)
updating: Payload/SporadicM24.app/SimpleButtonNormalRound.png (stored 0%)
updating: Payload/SporadicM24.app/SimpleButtonRoundHighlighted.png (stored 0%)
updating: Payload/SporadicM24.app/SimpleDarkButtonHighlighted.png (stored 0%)
updating: Payload/SporadicM24.app/SimpleDarkButtonNormal.png (stored 0%)
updating: Payload/SporadicM24.app/Sporadic_Games_Logo.png (stored 0%)
updating: Payload/SporadicM24.app/SporadicGamesLogo.png (stored 0%)
updating: Payload/SporadicM24.app/SporadicM24 (deflated 66%)
updating: Payload/SporadicM24.app/SporadicM24Icon_Prerendered.png (stored 0%)
updating: Payload/SporadicM24.app/SporadicMView.nib (deflated 30%)
updating: Payload/SporadicM24.app/success.caf (deflated 38%)
updating: Payload/SporadicM24.app/swap.caf (deflated 18%)
updating: Payload/SporadicM24.app/SwapPermutationsView.nib (deflated 30%)
updating: iTunesArtWork (deflated 0%)
updating: Payload/ (stored 0%)
updating: Payload/SporadicM24.app/ (stored 0%)
updating: Payload/SporadicM24.app/_CodeSignature/ (stored 0%)
updating: Payload/SporadicM24.app/_CodeSignature/CodeResources (deflated 64%)
updating: Payload/SporadicM24.app/applause.caf (deflated 60%)
updating: Payload/SporadicM24.app/buttons.html (deflated 75%)
updating: Payload/SporadicM24.app/CodeResources (deflated 64%)
updating: Payload/SporadicM24.app/combo.caf (deflated 18%)
updating: Payload/SporadicM24.app/combo_buttons.html (deflated 55%)
updating: Payload/SporadicM24.app/combo_not_set.caf (deflated 14%)
updating: Payload/SporadicM24.app/combo_set.caf (deflated 61%)
updating: Payload/SporadicM24.app/ComboButtonDisabled.png (stored 0%)
updating: Payload/SporadicM24.app/DualActionButtonAlternate.png (stored 0%)
updating: Payload/SporadicM24.app/embedded.mobileprovision (deflated 31%)
updating: Payload/SporadicM24.app/Entitlements.plist (deflated 29%)
updating: Payload/SporadicM24.app/error.html (deflated 18%)
updating: Payload/SporadicM24.app/Generic_Images/ (stored 0%)
updating: Payload/SporadicM24.app/Generic_Images/alt_button.png (stored 0%)
updating: Payload/SporadicM24.app/Generic_Images/alt_button_active.png (stored 0%)
updating: Payload/SporadicM24.app/Generic_Images/combo_button_A_defined.png (stored 0%)
updating: Payload/SporadicM24.app/Generic_Images/combo_button_A_defined_state.png (stored 0%)
updating: Payload/SporadicM24.app/Generic_Images/combo_button_A_inverse.png (stored 0%)
updating: Payload/SporadicM24.app/Generic_Images/combo_button_A_undefined.png (stored 0%)
updating: Payload/SporadicM24.app/Generic_Images/home_button.png (stored 0%)
updating: Payload/SporadicM24.app/Generic_Images/info_button.png (stored 0%)
updating: Payload/SporadicM24.app/Generic_Images/left_button.png (stored 0%)
updating: Payload/SporadicM24.app/Generic_Images/restart_button.png (stored 0%)
updating: Payload/SporadicM24.app/Generic_Images/right_button.png (stored 0%)
updating: Payload/SporadicM24.app/Generic_Images/shake_button.png (stored 0%)
updating: Payload/SporadicM24.app/Generic_Images/swap_button.png (stored 0%)
updating: Payload/SporadicM24.app/Generic_Images/undo_button.png (stored 0%)
updating: Payload/SporadicM24.app/Generic_Images/undo_move_button.png (stored 0%)
updating: Payload/SporadicM24.app/HelpView.nib (deflated 30%)
updating: Payload/SporadicM24.app/hints.html (deflated 54%)
updating: Payload/SporadicM24.app/home.caf (deflated 7%)
updating: Payload/SporadicM24.app/Images/ (stored 0%)
updating: Payload/SporadicM24.app/Images/A.png (deflated 1%)
updating: Payload/SporadicM24.app/Images/AA.png (deflated 1%)
updating: Payload/SporadicM24.app/Images/AAA.png (deflated 1%)
updating: Payload/SporadicM24.app/Images/alt_button_clicked.png (deflated 1%)
updating: Payload/SporadicM24.app/Images/combo_button_A_defined.png (deflated 1%)
updating: Payload/SporadicM24.app/Images/combo_button_A_pressed.png (deflated 1%)
updating: Payload/SporadicM24.app/Images/combo_erase_confirm.png (deflated 0%)
updating: Payload/SporadicM24.app/Images/combo_set_confirm.png (deflated 0%)
updating: Payload/SporadicM24.app/Images/home_confirm.png (deflated 0%)
updating: Payload/SporadicM24.app/Images/home_position.png (deflated 1%)
updating: Payload/SporadicM24.app/Images/info_button_pressed.png (deflated 1%)
updating: Payload/SporadicM24.app/Images/left_position.png (deflated 1%)
updating: Payload/SporadicM24.app/Images/preferences_page.png (deflated 2%)
updating: Payload/SporadicM24.app/Images/puzzle_penultimate_position.png (deflated 1%)
updating: Payload/SporadicM24.app/Images/puzzle_solved.png (deflated 1%)
updating: Payload/SporadicM24.app/Images/puzzle_solved_position.png (deflated 1%)
updating: Payload/SporadicM24.app/Images/puzzle_start_position.png (deflated 1%)
updating: Payload/SporadicM24.app/Images/restart_confirm.png (deflated 0%)
updating: Payload/SporadicM24.app/Images/right_position.png (deflated 1%)
updating: Payload/SporadicM24.app/Images/settings.png (deflated 2%)
updating: Payload/SporadicM24.app/Images/shake_confirm.png (deflated 0%)
updating: Payload/SporadicM24.app/Images/swap_position.png (deflated 1%)
updating: Payload/SporadicM24.app/index.html (deflated 51%)
updating: Payload/SporadicM24.app/Info.plist (deflated 33%)
updating: Payload/SporadicM24.app/left.caf (deflated 44%)
updating: Payload/SporadicM24.app/MainWindow.nib (deflated 22%)
updating: Payload/SporadicM24.app/moves_and_steps.html (deflated 39%)
updating: Payload/SporadicM24.app/PkgInfo (stored 0%)
updating: Payload/SporadicM24.app/PreferencesView.nib (deflated 32%)
updating: Payload/SporadicM24.app/ResourceRules.plist (deflated 52%)
updating: Payload/SporadicM24.app/restart.caf (deflated 14%)
updating: Payload/SporadicM24.app/right.caf (deflated 33%)
updating: Payload/SporadicM24.app/shake.caf (deflated 12%)
updating: Payload/SporadicM24.app/SimpleBluishButtonNormal.png (stored 0%)
updating: Payload/SporadicM24.app/SimpleButtonHighlighted.png (stored 0%)
updating: Payload/SporadicM24.app/SimpleButtonNormal.png (stored 0%)
updating: Payload/SporadicM24.app/SimpleButtonNormalRound.png (stored 0%)
updating: Payload/SporadicM24.app/SimpleButtonRoundHighlighted.png (stored 0%)
updating: Payload/SporadicM24.app/SimpleDarkButtonHighlighted.png (stored 0%)
updating: Payload/SporadicM24.app/SimpleDarkButtonNormal.png (stored 0%)
updating: Payload/SporadicM24.app/Sporadic_Games_Logo.png (stored 0%)
updating: Payload/SporadicM24.app/SporadicGamesLogo.png (stored 0%)
updating: Payload/SporadicM24.app/SporadicM24 (deflated 66%)
updating: Payload/SporadicM24.app/SporadicM24Icon_Prerendered.png (stored 0%)
updating: Payload/SporadicM24.app/SporadicMView.nib (deflated 30%)
updating: Payload/SporadicM24.app/success.caf (deflated 38%)
updating: Payload/SporadicM24.app/swap.caf (deflated 18%)
updating: Payload/SporadicM24.app/SwapPermutationsView.nib (deflated 30%)
